cod_cli;dat_ag;num_vac_ag;tipo_vac_ag;obs_ag;ok_ag;indice
1017;2020-10-17;"1         ";FELINA RONVAC;SEM OBSERVAÇÕES;"S         ";6
2017;2020-10-28;"1         ";V8 - IMPORTADA;SEM OBSERVAÇÕES;"S         ";7
2018;2020-10-28;"2         ";V8 - IMPORTADA;SEM OBSERVAÇÕES;"S         ";70
2019;2020-10-29;"3         ";V12 - NACIONAL;LEVAR CARTEIRINHA;"S         ";190
2021;2020-11-04;"1         ";RAIVA - NACIONAL;SEM OBSERVAÇÕES;"S         ";5
2016;2020-11-16;"1         ";V8 - IMPORTADA;SEM OBSERVAÇÕES;"S         ";4
2019;2020-11-19;"3         ";V12 - NACIONAL;SEM OBSERVAÇÕES;"S         ";2
2017;2020-11-24;"1         ";V8 - IMPORTADA;SEM OBSERVAÇÕES;"S         ";1
2018;2020-11-25;"1         ";V8 - IMPORTADA;SEM OBSERVAÇÕES;"S         ";11
2027;2020-11-30;"1         ";ANTICION;SEM OBSERVAÇÕES;"S         ";199
2022;2020-12-04;"2         ";RAIVA - NACIONAL;LEVAR CARTEIRINHA;"S         ";8
2016;2020-12-07;"1         ";RAIVA - IMPORTADA;SEM OBSERVAÇÕES;"S         ";9
2030;2020-12-07;"2         ";V8 - IMPORTADA;REFORÇO ANUAL;"S         ";139
2031;2020-12-09;"2         ";RAIVA - NACIONAL;SEM OBSERVAÇÕES;"S         ";13
2033;2020-12-10;"2         ";V8 - IMPORTADA;LEVAR CARTEIRINHA;"S         ";14
2025;2020-12-12;"1         ";V8 - IMPORTADA;SEM OBSERVAÇÕES;"S         ";10
2030;2020-12-14;"2         ";RAIVA - IMPORTADA;REFORÇO ANUAL;"S         ";141
2017;2020-12-16;"1         ";V8 - IMPORTADA;SEM OBSERVAÇÕES;"S         ";191
2034;2020-12-17;"1         ";V8 - IMPORTADA;SEM OBSERVAÇÕES;"S         ";16
2019;2020-12-19;"3         ";V12 - NACIONAL;SEM OBSERVAÇÕES;"S         ";200
2035;2020-12-22;"2         ";RAIVA - IMPORTADA;SEM OBSERVAÇÕES;"S         ";68
2035;2020-12-22;"1         ";V8 - IMPORTADA;SEM OBSERVAÇÕES;"S         ";69
2036;2020-12-22;"3         ";V8 - IMPORTADA;SEM OBSERVAÇÕES;"S         ";71
2036;2020-12-26;"3         ";RAIVA - IMPORTADA;SEM OBSERVAÇÕES;"S         ";18
2037;2021-01-06;"3         ";V12 - NACIONAL;SEM OBSERVAÇÕES;"S         ";21
2034;2021-01-07;"1         ";V8 - IMPORTADA;LEVAR CARTEIRINHA (COLAR 1 DOSE);"S         ";17
2019;2021-01-09;"3         ";V12 - NACIONAL;SEM OBSERVAÇÕES;"NF        ";204
2034;2021-01-27;"1         ";V8 - IMPORTADA;SEM OBSERVAÇÕES;"NF        ";22
2038;2021-01-27;"1         ";V8 - IMPORTADA;SEM OBSERVAÇÕES;"S         ";23
2039;2021-01-30;"3         ";RAIVA - NACIONAL;REFORCO ANUAL;"S         ";206
2040;2021-02-03;"2         ";V3 GATO - NACIONAL;REFORÇO ANUAL;"S         ";192
2038;2021-02-04;"1         ";RAIVA - IMPORTADA;LEVAR CARTEIRINHA;"S         ";24
2018;2021-02-04;"2         ";RAIVA - IMPORTADA;10HRS;"S         ";25
2041;2021-02-06;"2         ";V3 GATO - IMPORTADA;SEM OBSERVAÇÕES;"S         ";142
2041;2021-02-06;"1         ";V8 - IMPORTADA;SEM OBSERVAÇÕES;"S         ";143
2042;2021-02-08;"1         ";V8 - IMPORTADA;SEM OBSERVAÇÕES;"S         ";207
2040;2021-02-10;"2         ";RAIVA GATO - NACIONAL;REFORCO ANUAL;"S         ";193
2041;2021-02-13;"2         ";RAIVA GATO - IMPORTADA;SEM OBSERVAÇÕES;"S         ";144
2041;2021-02-13;"1         ";RAIVA - IMPORTADA;LEVAR CARTEIRINHA;"S         ";145
2043;2021-02-25;"1         ";V12 - NACIONAL;REFORCO;"S         ";29
2018;2021-02-27;"1         ";RAIVA - IMPORTADA;REFORÇO;"S         ";27
2043;2021-03-04;"1         ";RAIVA - NACIONAL;REFORÇO;"S         ";30
2044;2021-03-15;"2         ";V3 GATO - IMPORTADA;SEM OBSERVAÇÕES;"S         ";28
2044;2021-03-15;"4         ";V8 - IMPORTADA;SEM OBSERVAÇÕES;"S         ";31
2045;2021-04-09;"1         ";V8 - IMPORTADA;3 DOSE;"S         ";32
2046;2021-04-19;"2         ";V8 - IMPORTADA;SEM OBSERVAÇÕES;"S         ";33
2029;2021-05-04;"1         ";ANTICION;SEM OBSERVAÇÕES;"NF        ";12
2028;2021-05-04;"1         ";ANTICION;SEM OBSERVAÇÕES;"S         ";67
3058;2021-05-08;"1         ";V12 - NACIONAL;REFORCO;"S         ";74
3049;2021-06-05;"1         ";V8 - IMPORTADA;"TENTAR CONTATO ";"S         ";39
3054;2021-06-18;"2         ";V8 - IMPORTADA;1 DOSE;"S         ";41
3050;2021-06-18;"1         ";V8 - IMPORTADA;3 DOSE;"S         ";72
3046;2021-06-19;"2         ";RAIVA - NACIONAL;SEM OBSERVAÇÕES;"S         ";34
3055;2021-06-21;"2         ";RAIVA GATO - NACIONAL;REFORCO;"NF        ";43
3052;2021-06-23;"1         ";V3 GATO - NACIONAL;CONFIRMAR SE É 3 OU 4 DOSE;"S         ";40
3048;2021-06-24;"1         ";V8 - IMPORTADA;VERIFICAR INF. NOVIBAC;"NF        ";35
2041;2021-06-25;"1         ";V12 - NACIONAL;1 DOSE (PG);"S         ";48
3049;2021-06-26;"1         ";RAIVA - NACIONAL;REFORCO;"S         ";44
3047;2021-06-30;"1         ";V8 - IMPORTADA;3 DOSE (PG);"S         ";36
3058;2021-07-03;"1         ";RAIVA - NACIONAL;REFORCO;"S         ";52
3056;2021-07-05;"2         ";V8 - IMPORTADA;REFORCO ANUAL;"S         ";50
3059;2021-07-06;"1         ";V12 - NACIONAL;REFORCO (NINA);"S         ";212
3060;2021-07-06;"1         ";V12 - NACIONAL;1 DOSE;"S         ";213
2045;2021-07-08;"1         ";RAIVA - NACIONAL;SEM OBSERVAÇÕES;"S         ";53
3054;2021-07-09;"2         ";V8 - IMPORTADA;2 DOSE;"S         ";42
3050;2021-07-10;"1         ";RAIVA - IMPORTADA;FOCINHEIRA;"S         ";45
3047;2021-07-15;"1         ";V8 - IMPORTADA;4 DOSE (NAO PAGA);"NF        ";37
3052;2021-07-15;"1         ";RAIVA - NACIONAL;SEM OBSERVAÇÕES;"S         ";47
2041;2021-07-16;"1         ";V12 - NACIONAL;2 DOSE (PG);"S         ";49
3056;2021-07-19;"2         ";RAIVA - NACIONAL;FALTA PAGAR 22,50 DA APLICACAO;"S         ";51
3062;2021-07-27;"1         ";ANTICION;SEM OBSERVAÇÕES;"S         ";208
2041;2021-07-28;"1         ";V3 GATO - NACIONAL;LIGAR PARA AGENDAR;"S         ";54
3054;2021-07-30;"2         ";V8 - IMPORTADA;3 DOSE;"S         ";215
3047;2021-08-05;"1         ";RAIVA - IMPORTADA;NAO PAGO;"NF        ";38
3060;2021-08-06;"1         ";V12 - NACIONAL;2 DOSE;"S         ";214
2041;2021-08-06;"1         ";V12 - NACIONAL;3 DOSE (PG);"S         ";216
3067;2021-08-10;"2         ";V12 - NACIONAL;REFORCO ANUAL;"S         ";76
3068;2021-08-10;"1         ";V12 - NACIONAL;1 DOSE (LEVAR CARTEIRINHA);"S         ";77
3064;2021-08-10;"1         ";V8 - IMPORTADA;"CONFIRMAR ";"S         ";210
3060;2021-08-23;"1         ";V12 - NACIONAL;3 DOSE;"S         ";57
3063;2021-08-23;"1         ";V12 - NACIONAL;2 DOSE;"NF        ";211
2041;2021-08-25;"1         ";V3 GATO - NACIONAL;09:30HR! 2 DOSE PG (298767);"S         ";56
3069;2021-08-30;"1         ";V3 GATO - NACIONAL;PEDIDO 300036 (PG);"S         ";61
3054;2021-08-31;"2         ";V12 - NACIONAL;4 DOSE - 3913-7720 ELIZANGELA;"S         ";78
2041;2021-08-31;"1         ";RAIVA CAO - NACIONAL;PAGO;"S         ";79
3068;2021-08-31;"1         ";V12 - NACIONAL;2 DOSE;"S         ";217
3071;2021-09-01;"1         ";V12 - NACIONAL;1 DOSE;"S         ";64
3064;2021-09-09;"1         ";V8 - IMPORTADA;LIGAR CONFIRMANDO;"S         ";58
3072;2021-09-09;"1         ";MEDICAMENTOS;1/3;"S         ";82
3072;2021-09-10;"1         ";MEDICAMENTOS;2/3;"S         ";83
3067;2021-09-10;"2         ";RAIVA CAO - NACIONAL;;"S         ";218
3072;2021-09-11;"1         ";MEDICAMENTOS;3/3;"S         ";84
3060;2021-09-13;"1         ";V12 - NACIONAL;4 DOSE;"S         ";60
3069;2021-09-14;"1         ";RAIVA GATO - NACIONAL;LIGAR CASO NAO PASSAR AQUI;"S         ";62
2041;2021-09-15;"1         ";V3 GATO - NACIONAL;3 DOSE PG (298767);"S         ";80
3073;2021-09-18;"2         ";RAIVA CAO - IMPORTADA;1 CAO / 1 GATO - RAIVA IMPORTADA;"S         ";85
3068;2021-09-21;"1         ";V12 - NACIONAL;3 DOSE;"S         ";81
3054;2021-09-22;"2         ";RAIVA CAO - IMPORTADA;;"S         ";63
3071;2021-09-22;"1         ";V12 - NACIONAL;2 DOSE;"NF        ";86
3070;2021-09-27;"2         ";V3 GATO - NACIONAL;1 E 2 DOSE;"S         ";87
3060;2021-10-04;"1         ";RAIVA CAO - NACIONAL;ULTIMA DOSE;"S         ";89
3069;2021-10-05;"1         ";RAIVA GATO - NACIONAL;ULTIMA DOSE;"S         ";90
2041;2021-10-06;"1         ";RAIVA GATO - NACIONAL;ULTIMA DOSE PG 298767;"S         ";91
2021;2021-10-14;"1         ";V12 - NACIONAL;REFORÇO ANUAL;"NF        ";3
3081;2021-10-15;"2         ";RAIVA GATO - IMPORTADA;PG - 9HRS;"S         ";96
3083;2021-10-16;"1         ";V12 - NACIONAL;3 DOSE;"S         ";101
2023;2021-10-16;"2         ";OUTROS...;;"S         ";103
3077;2021-10-19;"1         ";RAIVA CAO - IMPORTADA;ENTRE 16 E 18H - PG;"S         ";94
3070;2021-10-20;"2         ";V3 GATO - NACIONAL;3 DOSE;"S         ";220
3079;2021-10-21;"3         ";RAIVA CAO - NACIONAL;PG - MANHA;"S         ";95
3075;2021-10-21;"1         ";V8 - IMPORTADA;3 DOSE? LIGAR CONFIRMANDO;"S         ";221
3068;2021-10-22;"1         ";RAIVA CAO - NACIONAL;4 DOSE;"S         ";222
3082;2021-10-26;"1         ";RAIVA GATO - NACIONAL;REFORCO ANUAL;"S         ";97
2018;2021-10-28;"2         ";V8 - IMPORTADA;SEM OBSERVAÇÕES;"S         ";136
3080;2021-11-05;"1         ";V8 - IMPORTADA;3 DOSE;"S         ";219
3083;2021-11-06;"1         ";V12 - NACIONAL;4 DOSE;"NF        ";102
2026;2021-11-09;"1         ";V12 - NACIONAL;REFORCO ANUAL;"NF        ";137
3075;2021-11-11;"1         ";V8 - IMPORTADA;3 DOSE;"S         ";106
3070;2021-11-11;"1         ";RAIVA GATO - NACIONAL;ULTIMA DOSE;"S         ";147
3068;2021-11-12;"1         ";RAIVA CAO - NACIONAL;ULTIMA DOSE;"NF        ";107
3085;2021-11-12;"2         ";V8 - IMPORTADA;2 DOSE;"S         ";148
2022;2021-11-13;"2         ";V12 - NACIONAL;REFORÇO ANUAL;"S         ";201
3082;2021-11-22;"1         ";V3 GATO - NACIONAL;3 DOSE;"S         ";108
2018;2021-11-25;"1         ";V8 - IMPORTADA;REFORCO ANUAL;"NF        ";66
3080;2021-11-26;"1         ";V8 - IMPORTADA;4 DS;"S         ";109
3086;2021-11-26;"1         ";V8 - IMPORTADA;2 DOSE;"NF        ";229
2026;2021-11-28;"1         ";RAIVA - NACIONAL;REFORCO ANUAL;"S         ";138
3075;2021-12-02;"1         ";V8 - IMPORTADA;4 DS;"S         ";110
3070;2021-12-02;"1         ";V3 GATO - NACIONAL;1 DS;"S         ";149
3087;2021-12-04;"01        ";RAIVA CAO - IMPORTADA;AS 09:30;"S         ";117
2030;2021-12-07;"2         ";V8 - IMPORTADA;REFORÇO ANUAL;"NF        ";140
2022;2021-12-08;"2         ";RAIVA - NACIONAL;REFORÇO ANUAL;"NF        ";202
3085;2021-12-09;"01        ";V8 - IMPORTADA;01 RAIVA TAMBEM;"NF        ";111
3085;2021-12-09;"01        ";V8 - IMPORTADA;;"NF        ";112
3085;2021-12-09;"          ";;;"NF        ";113
2031;2021-12-10;"2         ";RAIVA - NACIONAL;REFORÇO ANUAL;"S         ";203
3091;2021-12-13;"02        ";RAIVA CAO - IMPORTADA;AS 17 LIGAR;"S         ";223
3082;2021-12-14;"01        ";V3 GATO - NACIONAL;LIGAR ANTES;"S         ";114
2017;2021-12-16;"1         ";V8 - IMPORTADA;REFORCO ANUAL;"NF        ";15
3094;2021-12-17;"01        ";V12 - NACIONAL;LIGAR;"S         ";150
2019;2021-12-19;"3         ";V12 - NACIONAL;REFORÇO ANUAL;"S         ";205
2036;2021-12-22;"3         ";V8 - IMPORTADA;REFORCO ANUAL;"S         ";19
3070;2021-12-22;"01        ";V3 GATO - NACIONAL;LIGAR;"S         ";122
2022;2021-12-23;"01        ";RAIVA CAO - IMPORTADA;;"NF        ";123
3075;2021-12-23;"01        ";V8 - IMPORTADA;LIGAR;"S         ";127
3096;2021-12-23;"01        ";RAIVA GATO - IMPORTADA;AS 17:00;"S         ";132
2019;2021-12-23;"03        ";RAIVA CAO - NACIONAL;16:30;"S         ";151
2036;2021-12-27;"3         ";RAIVA - IMPORTADA;REFORCO ANUAL;"S         ";20
3061;2021-12-27;"1         ";ANTICION;SEM OBSERVAÇÕES;"S         ";55
3062;2021-12-27;"1         ";ANTICION;SEM OBSERVAÇÕES;"NF        ";209
3093;2021-12-30;"01        ";V12 - NACIONAL;LIGAR;"S         ";128
3095;2022-01-03;"01        ";V12 - NACIONAL;AVISAR ELE;"S         ";129
3070;2022-01-12;"01        ";RAIVA GATO - NACIONAL;MANDAR MSG;"S         ";135
3103;2022-01-17;"01        ";RAIVA CAO - NACIONAL;REFORÇO;"S         ";168
3102;2022-01-17;"02        ";RAIVA GATO - NACIONAL;REFORÇO 09:30;"NF        ";233
2023;2022-01-18;"2         ";V8 - IMPORTADA;;"S         ";187
3093;2022-01-20;"01        ";V12 - NACIONAL;3° DOSE;"S         ";159
3098;2022-01-20;"03        ";V12 - NACIONAL;3° DOSE;"S         ";160
3099;2022-01-20;"01        ";V8 - IMPORTADA;3° DOSE MANDAR MSG AS 17:30;"S         ";161
4107;2022-01-21;"02        ";RAIVA CAO - NACIONAL;REFORÇO;"S         ";175
3095;2022-01-24;"01        ";V12 - NACIONAL;LIGAR AVISANDO;"S         ";162
3102;2022-01-24;"02        ";RAIVA GATO - NACIONAL;REFORÇO;"NF        ";176
2018;2022-01-24;"01        ";RAIVA CAO - IMPORTADA;REFORÇO;"NF        ";183
3100;2022-01-26;"01        ";RAIVA GATO - NACIONAL;01 RAIVA NACIONAL GATO;"S         ";163
3107;2022-01-26;"01        ";V8 - IMPORTADA;2° DOSE;"S         ";173
3100;2022-01-26;"01        ";V3 GATO - NACIONAL;01 RAIVA NACIONAL GATO;"S         ";231
3091;2022-01-28;"01        ";V8 - IMPORTADA;2° DOSE 17:00;"S         ";164
2039;2022-01-31;"02        ";RAIVA CAO - NACIONAL;REFORÇO;"NF        ";166
3102;2022-01-31;"02        ";RAIVA GATO - IMPORTADA;REFORÇO;"NF        ";181
3105;2022-02-02;"01        ";V4 GATO - IMPORTADA;2° DOSE APOS AS 15:00;"NF        ";170
2018;2022-02-04;"02        ";RAIVA - IMPORTADA;SEM OBSERVAÇÕES;"S         ";26
2018;2022-02-04;"01        ";RAIVA CAO - NACIONAL;REFORÇO;"S         ";196
2018;2022-02-04;"01        ";RAIVA CAO - IMPORTADA;REFORÇO;"S         ";234
3101;2022-02-07;"02        ";RAIVA CAO - NACIONAL;;"S         ";189
3102;2022-02-07;"02        ";RAIVA GATO - IMPORTADA;;"NF        ";198
4108;2022-02-09;"01        ";V12 - NACIONAL;3° DOSE;"NF        ";178
3105;2022-02-09;"01        ";V4 GATO - IMPORTADA;AS 15:00 LEVAR VERMIFUGO;"S         ";240
3093;2022-02-10;"01        ";V12 - NACIONAL;4° DOSE;"S         ";179
3082;2022-02-10;"02        ";V3 GATO - NACIONAL;2° DOSE;"S         ";180
3093;2022-02-10;"02        ";V3 GATO - NACIONAL;2° DOSE;"S         ";225
3099;2022-02-10;"01        ";V8 - IMPORTADA;4° DOSE;"S         ";235
3093;2022-02-10;"01        ";V12 - NACIONAL;MSG;"S         ";242
2030;2022-02-14;"02        ";V8 - IMPORTADA;REFORÇO;"S         ";252
3107;2022-02-16;"01        ";V8 - IMPORTADA;3° DOSE;"NF        ";184
3100;2022-02-16;"01        ";RAIVA GATO - NACIONAL;LIGAR;"S         ";185
3095;2022-02-17;"01        ";V12 - NACIONAL;4° DOSE;"NF        ";236
3091;2022-02-18;"01        ";V8 - IMPORTADA;AS 17:00;"S         ";188
2030;2022-02-21;"02        ";RAIVA CAO - IMPORTADA;LEVAR CARTERINHA REFORÇO;"S         ";251
3098;2022-02-22;"02        ";V12 - NACIONAL;2° E 3° DOSE;"S         ";130
4111;2022-02-22;"01        ";V12 - NACIONAL;3° DOSE M MSG;"S         ";237
4112;2022-02-22;"01        ";V8 - IMPORTADA;4° DOSE M MSG;"S         ";238
4108;2022-03-02;"01        ";V12 - NACIONAL;;"S         ";244
3105;2022-03-02;"01        ";V3 GATO - NACIONAL;;"S         ";245
4112;2022-03-02;"01        ";RAIVA CAO - IMPORTADA;;"S         ";266
3093;2022-03-03;"01        ";RAIVA CAO - NACIONAL;;"S         ";246
3082;2022-03-03;"02        ";V3 GATO - NACIONAL;3° DOSE;"NF        ";247
3099;2022-03-03;"01        ";RAIVA GATO - IMPORTADA;M MSG;"S         ";248
4118;2022-03-05;"02        ";RAIVA GATO - IMPORTADA;REFORÇO 08:30;"S         ";269
4115;2022-03-07;"01        ";V8 - IMPORTADA;2° DOSE;"S         ";253
4116;2022-03-09;"01        ";V12 - NACIONAL;2° DOSE;"S         ";254
3091;2022-03-09;"01        ";V8 - IMPORTADA;4° DOSE;"S         ";256
4108;2022-03-09;"01        ";RAIVA CAO - NACIONAL;;"S         ";271
3082;2022-03-09;"02        ";V3 GATO - NACIONAL;LIGAR ATRASADA;"NF        ";281
3070;2022-03-14;"01        ";V3 GATO - NACIONAL;;"S         ";262
3070;2022-03-14;"01        ";V12 - NACIONAL;1° DOSE;"S         ";277
3098;2022-03-15;"01        ";V12 - NACIONAL;01 RAIVA;"S         ";263
4111;2022-03-15;"01        ";V12 - NACIONAL;4° DOSE;"S         ";264
4117;2022-03-19;"02        ";V12 - NACIONAL;2° DOSE;"S         ";268
3070;2022-03-22;"01        ";OUTROS...;VERMIFUGO DRONTAL;"S         ";276
4115;2022-03-28;"01        ";V8 - IMPORTADA;3° DOSE;"S         ";278
4116;2022-03-30;"1         ";V12 - NACIONAL;3° DOSE;"S         ";284
4117;2022-04-02;"03        ";V12 - NACIONAL;;"S         ";1288
3070;2022-04-04;"01        ";V3 GATO - NACIONAL;;"S         ";285
3070;2022-04-04;"01        ";V12 - NACIONAL;2°DOSE;"S         ";286
3082;2022-04-04;"02        ";RAIVA GATO - NACIONAL;;"S         ";287
4111;2022-04-05;"01        ";RAIVA CAO - NACIONAL;;"S         ";288
3098;2022-04-05;"01        ";V12 - NACIONAL;;"S         ";289
3105;2022-04-06;"01        ";RAIVA GATO - NACIONAL;LEVAR VERMIFUGO;"S         ";274
3091;2022-04-07;"01        ";RAIVA CAO - IMPORTADA;LIGAR;"S         ";279
3098;2022-04-11;"01        ";RAIVA CAO - NACIONAL;;"S         ";1295
4121;2022-04-11;"01        ";V12 - NACIONAL;1°DOSE;"S         ";1302
4120;2022-04-12;"01        ";V8 - IMPORTADA;2° DOSE;"S         ";1291
3105;2022-04-12;"01        ";V3 GATO - NACIONAL;1° LEVAR CARTERINHA E VERMIFUFO;"S         ";1300
4124;2022-04-16;"02        ";V8 - IMPORTADA;REFORÇO;"S         ";1313
4115;2022-04-18;"01        ";V8 - IMPORTADA;4° DOSE;"S         ";1292
4116;2022-04-20;"01        ";V12 - NACIONAL;4° DOSE;"S         ";1293
4117;2022-04-23;"03        ";V12 - NACIONAL;4° E 3° DOSE;"S         ";1294
4109;2022-04-25;"01        ";ANTICION;REFORÇO;"S         ";182
3070;2022-04-25;"01        ";RAIVA GATO - NACIONAL;;"S         ";1296
3070;2022-04-25;"01        ";V12 - NACIONAL;3 DOSE;"S         ";1297
4116;2022-04-27;"01        ";RAIVA CAO - NACIONAL;1° DOSE;"S         ";1319
3097;2022-04-29;"01        ";ANTICION;LIGAR GATO;"S         ";158
3088;2022-04-30;"01        ";ANTICION;LIGAR;"S         ";120
3089;2022-05-01;"01        ";ANTICION;LIGAR;"N         ";121
4121;2022-05-02;"01        ";V12 - NACIONAL;2° DOSE;"NF        ";1309
3105;2022-05-03;"01        ";V3 GATO - NACIONAL;2° DOSE;"NF        ";1311
4120;2022-05-04;"01        ";V8 - IMPORTADA;3° DOSE;"NF        ";1312
4127;2022-05-05;"02        ";RAIVA CAO - IMPORTADA;REFORÇO;"S         ";1332
3090;2022-05-06;"01        ";ANTICION;;"NF        ";125
4125;2022-05-09;"01        ";V8 - IMPORTADA;2°DOSE;"NF        ";1315
2028;2022-05-10;"01        ";ANTICION;LIGAR;"S         ";169
4126;2022-05-10;"01        ";V12 - NACIONAL;2° DOSE;"NF        ";1317
4129;2022-05-11;"01        ";V4 GATO - IMPORTADA;REFORÇO;"NF        ";1337
3046;2022-05-14;"2         ";V12 - NACIONAL;REFORCO ANUAL;"S         ";46
4117;2022-05-14;"02        ";RAIVA CAO - NACIONAL;4° DOSE VENCOMAX DA PEQUENA;"S         ";1320
3046;2022-05-14;"02        ";V8 - IMPORTADA;REFORÇO;"S         ";1335
3070;2022-05-16;"01        ";V12 - NACIONAL;4° DOSE;"S         ";1323
4129;2022-05-18;"01        ";RAIVA GATO - IMPORTADA;REFORÇO;"NF        ";1338
3070;2022-05-23;"01        ";RAIVA CAO - NACIONAL;;"S         ";1343
3105;2022-05-25;"01        ";V4 GATO - IMPORTADA;;"S         ";1340
4132;2022-06-08;"01        ";V8 - IMPORTADA;1° DOSE AS 08:30;"S         ";1354
4130;2022-06-15;"01        ";V12 - NACIONAL;2°DOSE;"S         ";1349
4131;2022-06-17;"01        ";V12 - NACIONAL;2 DOSE;"S         ";1352
3105;2022-06-17;"01        ";V4 GATO - IMPORTADA;2 DOSE;"S         ";1353
3046;2022-06-18;"2         ";RAIVA - NACIONAL;REFORCO ANUAL;"NF        ";73
3070;2022-06-20;"01        ";OUTROS...;VERMIFUGO;"S         ";1290
4132;2022-06-29;"01        ";V8 - IMPORTADA;2° DOSE;"S         ";1358
4139;2022-07-04;"01        ";RAIVA CAO - IMPORTADA;REFORÇO;"NF        ";1372
4130;2022-07-08;"01        ";V12 - NACIONAL;3° DOSE;"S         ";1361
3105;2022-07-08;"01        ";V4 GATO - IMPORTADA;2° DOSE;"S         ";1362
4131;2022-07-08;"01        ";V12 - NACIONAL;3° DOSE;"S         ";1363
4137;2022-07-15;"01        ";V12 - NACIONAL;2 DOSE;"S         ";1367
4125;2022-07-18;"01        ";RAIVA CAO - IMPORTADA;;"S         ";1383
4143;2022-07-18;"01        ";ANTICION;;"S         ";1386
4143;2022-07-18;"          ";;;"S         ";1387
4143;2022-07-18;"01        ";ANTICION;AS 16:00;"S         ";1388
3056;2022-07-19;"2         ";RAIVA - NACIONAL;REFORÇO;"NF        ";75
4132;2022-07-20;"01        ";V8 - IMPORTADA;3° DOSE;"S         ";1368
4130;2022-07-28;"01        ";V12 - NACIONAL;4 DOSE;"S         ";1377
4131;2022-07-28;"01        ";V12 - NACIONAL;4 DOSE;"S         ";1378
4142;2022-07-29;"01        ";V4 GATO - IMPORTADA;2 DOSE;"S         ";1381
4123;2022-07-30;"01        ";V12 - NACIONAL;REFORÇO;"NF        ";1307
4131;2022-08-03;"01        ";RAIVA CAO - NACIONAL;;"S         ";1404
4139;2022-08-04;"01        ";RAIVA CAO - IMPORTADA;REFORÇO;"NF        ";1373
3097;2022-08-05;"02        ";ANTICION;;"NF        ";1329
3105;2022-08-05;"01        ";V4 GATO - IMPORTADA;;"S         ";1379
4137;2022-08-05;"01        ";V12 - NACIONAL;4 DOSE;"S         ";1385
3105;2022-08-05;"02        ";MEDICAMENTOS;VERMIFUGO 1/2 COMP CADA;"S         ";1396
4130;2022-08-05;"01        ";RAIVA CAO - NACIONAL;;"S         ";1400
3089;2022-08-08;"01        ";ANTICION;REFORÇO;"N         ";1303
3061;2022-08-08;"01        ";ANTICION;REFORÇO;"S         ";1304
3056;2022-08-08;"02        ";RAIVA CAO - NACIONAL;;"S         ";1391
4125;2022-08-08;"02        ";V8 - IMPORTADA;REFORÇO OS DOI PEQUENOS;"NF        ";1393
4125;2022-08-08;"02        ";RAIVA CAO - IMPORTADA;OS DOIS PEQUENO;"NF        ";1407
4146;2022-08-09;"02        ";RAIVA GATO - NACIONAL;MANDAR MSG;"NF        ";1408
3067;2022-08-10;"2         ";V12 - NACIONAL;REFORCO ANUAL;"S         ";59
4132;2022-08-10;"01        ";V8 - IMPORTADA;4° DOSE;"S         ";1394
4137;2022-08-10;"01        ";RAIVA CAO - NACIONAL;;"S         ";1413
3097;2022-08-10;"02        ";ANTICION;;"NF        ";1419
4147;2022-08-13;"5         ";RAIVA CAO - IMPORTADA;;"S         ";1417
4146;2022-08-16;"02        ";V3 GATO - NACIONAL;LEVAR CARTEIRA;"NF        ";1420
4132;2022-08-17;"01        ";RAIVA CAO - IMPORTADA;;"S         ";1423
4144;2022-08-18;"01        ";V8 - IMPORTADA;2 DOSE RECADO LUIS GALDI 16;"S         ";1401
4142;2022-08-19;"01        ";V4 GATO - IMPORTADA;3 DOSE;"S         ";1405
3097;2022-08-22;"02        ";ANTICION;;"NF        ";1426
2046;2022-08-22;"01        ";RAIVA CAO - IMPORTADA;REFORÇO;"S         ";1432
4109;2022-08-23;"01        ";ANTICION;;"NF        ";1321
3105;2022-08-23;"01        ";MEDICAMENTOS;1,5 VERMIFUGO;"S         ";1421
3088;2022-08-25;"01        ";ANTICION;;"S         ";1330
4142;2022-08-29;"01        ";RAIVA GATO - IMPORTADA;;"S         ";1438
4150;2022-08-29;"01        ";RAIVA CAO - NACIONAL;;"S         ";1443
4146;2022-08-30;"02        ";V3 GATO - NACIONAL;;"NF        ";1428
2022;2022-08-31;"1         ";RAIVA CAO - NACIONAL;REFORCO ANUAL;"S         ";146
4144;2022-09-09;"01        ";V8 - IMPORTADA;3 DOSE;"S         ";1435
3067;2022-09-15;"2         ";RAIVA CAO - NACIONAL;REFORCO ANUAL;"S         ";88
3070;2022-09-16;"01        ";OUTROS...;VERMIFUGO;"NF        ";1365
3073;2022-09-19;"2         ";RAIVA CAO - IMPORTADA;1 GATO E 1 CAO;"S         ";92
4151;2022-09-19;"01        ";V8 - IMPORTADA;4 DOSE;"S         ";1445
4152;2022-09-20;"01        ";V4 GATO - IMPORTADA;2 DOSE;"NF        ";1448
4152;2022-09-20;"01        ";V8 - IMPORTADA;2 DOSE;"NF        ";1451
3054;2022-09-22;"2         ";RAIVA CAO - IMPORTADA;REFORCO ANUAL;"NF        ";93
3074;2022-09-22;"1         ";V12 - NACIONAL;REFORCO ANUAL;"S         ";99
4151;2022-09-23;"01        ";V8 - IMPORTADA;01 RAIVA IMPORTADA;"S         ";1466
4156;2022-09-23;"02        ";RAIVA GATO - NACIONAL;1 DOSE;"NF        ";1467
3073;2022-09-24;"01        ";V8 - IMPORTADA;01 GATO IMPORTADA;"S         ";1464
4144;2022-10-04;"01        ";V8 - IMPORTADA;4 DOSE;"NF        ";1453
3069;2022-10-04;"01        ";V3 GATO - NACIONAL;2 DOSE;"NF        ";1454
4155;2022-10-07;"1         ";OUTROS...;APLICAÇÃO;"S         ";1460
3069;2022-10-07;"01        ";RAIVA GATO - NACIONAL;2 DOSE;"S         ";1470
4144;2022-10-07;"01        ";V8 - IMPORTADA;4 DOSE;"S         ";1471
4156;2022-10-07;"02        ";RAIVA GATO - NACIONAL;1 DOSE;"S         ";1473
2028;2022-10-10;"01        ";ANTICION;REFORÇO;"S         ";1339
3074;2022-10-15;"1         ";RAIVA CAO - NACIONAL;REFORCO;"S         ";98
3074;2022-10-15;"1         ";RAIVA CAO - NACIONAL;REFORCO;"S         ";100
4159;2022-10-17;"01        ";V12 - NACIONAL;REFORÇO AS 09:30;"S         ";1482
3077;2022-10-20;"1         ";RAIVA CAO - IMPORTADA;REFORCO;"NF        ";104
3079;2022-10-21;"3         ";RAIVA CAO - NACIONAL;REFORCO;"S         ";105
3070;2022-10-21;"01        ";V3 GATO - NACIONAL;LILICA;"S         ";1324
4144;2022-10-22;"01        ";RAIVA CAO - IMPORTADA;;"NF        ";1489
4160;2022-10-24;"02        ";RAIVA CAO - IMPORTADA;REFORÇO;"NF        ";1492
2018;2022-10-28;"2         ";V8 - IMPORTADA;REFORCO ANUAL;"S         ";194
3069;2022-10-28;"01        ";V3 GATO - NACIONAL;3 DOSE;"NF        ";1479
4155;2022-11-01;"01        ";OUTROS...;APLICAÇÃO;"S         ";1484
4155;2022-11-01;"          ";;;"S         ";1485
4156;2022-11-01;"02        ";V3 GATO - NACIONAL;2 DOSE;"S         ";1486
3105;2022-11-03;"02        ";OUTROS...;VERMIFUGO;"NF        ";1415
3069;2022-11-04;"01        ";V3 GATO - NACIONAL;3 DOSE;"S         ";1497
3080;2022-11-05;"01        ";V8 - IMPORTADA;;"NF        ";115
4144;2022-11-05;"01        ";RAIVA CAO - IMPORTADA;;"S         ";1502
3102;2022-11-07;"01        ";V12 - NACIONAL;2 DOSE;"S         ";1490
3070;2022-11-08;"01        ";OUTROS...;VERMIFUGO;"NF        ";1458
3080;2022-11-08;"01        ";V8 - IMPORTADA;;"S         ";1514
4164;2022-11-08;"01        ";RAIVA CAO - IMPORTADA;REFORÇO;"S         ";1517
3105;2022-11-10;"02        ";OUTROS...;VERMIFUGO;"S         ";1507
3069;2022-11-10;"01        ";RAIVA GATO - NACIONAL;;"S         ";1511
3070;2022-11-11;"01        ";RAIVA GATO - NACIONAL;LILICA;"S         ";1325
3070;2022-11-11;"01        ";OUTROS...;VERMIFUGO;"S         ";1509
3080;2022-11-13;"01        ";RAIVA CAO - IMPORTADA;REFORÇO;"NF        ";257
3080;2022-11-14;"01        ";V8 - IMPORTADA;;"S         ";1512
4143;2022-11-15;"01        ";ANTICION;;"S         ";1389
3092;2022-11-16;"01        ";V8 - IMPORTADA;LIGAR;"S         ";126
3061;2022-11-17;"01        ";ANTICION;;"NF        ";1411
3082;2022-11-19;"01        ";V8 - IMPORTADA;01 RAIVA GATO NACIONAL;"S         ";1504
3105;2022-11-22;"1         ";OUTROS...;1,5 VERMIFUGO;"NF        ";1440
4156;2022-11-22;"02        ";V3 GATO - NACIONAL;3 DOSE;"S         ";1505
3105;2022-11-25;"01        ";OUTROS...;1,5 VEMIFUGO;"S         ";1523
3087;2022-11-27;"01        ";V8 - IMPORTADA;LIGAR;"S         ";124
3102;2022-11-28;"01        ";V12 - NACIONAL;3° DOSE;"S         ";1515
3087;2022-11-29;"02        ";RAIVA CAO - IMPORTADA;REFORÇO;"S         ";1530
2026;2022-11-30;"01        ";RAIVA CAO - NACIONAL;N CASA 66;"NF        ";118
2026;2022-11-30;"          ";;;"NF        ";119
3075;2022-12-02;"01        ";V8 - IMPORTADA;REFORÇO;"NF        ";154
4156;2022-12-05;"02        ";RAIVA GATO - NACIONAL;;"NF        ";1537
3091;2022-12-06;"02        ";V8 - IMPORTADA;17:00;"NF        ";152
3091;2022-12-06;"02        ";V8 - IMPORTADA;17:00;"NF        ";224
3092;2022-12-07;"01        ";RAIVA CAO - IMPORTADA;REFORÇO;"S         ";1526
3094;2022-12-10;"01        ";RAIVA CAO - NACIONAL;LIGAR;"NF        ";133
3082;2022-12-10;"01        ";V8 - IMPORTADA;1 GATO DOENÇA;"NF        ";1528
3082;2022-12-14;"01        ";V3 GATO - NACIONAL;REFORÇO;"S         ";227
3096;2022-12-15;"01        ";V4 GATO - IMPORTADA;LIGAR;"S         ";131
4169;2022-12-15;"01        ";V12 - NACIONAL;1 DOSE;"NF        ";1562
4165;2022-12-16;"02        ";V8 - IMPORTADA;2° DOSE;"S         ";1533
3082;2022-12-17;"01        ";V8 - IMPORTADA;01 GATO NACIONAL;"S         ";1544
3102;2022-12-19;"01        ";V12 - NACIONAL;4° DOSE;"S         ";1534
2036;2022-12-20;"03        ";V8 - IMPORTADA;08:30;"S         ";134
3097;2022-12-20;"02        ";ANTICION;;"NF        ";1439
2022;2022-12-20;"01        ";V12 - NACIONAL;REFORÇO;"S         ";1450
4156;2022-12-20;"02        ";OUTROS...;VERMIFUGO;"NF        ";1468
4166;2022-12-20;"01        ";V12 - NACIONAL;2° DOSE;"S         ";1538
3070;2022-12-22;"01        ";V3 GATO - NACIONAL;PANDORA;"S         ";1326
3075;2022-12-23;"01        ";RAIVA CAO - NACIONAL;REFORÇO;"NF        ";155
3096;2022-12-23;"01        ";RAIVA GATO - NACIONAL;REFORÇO;"NF        ";156
2036;2022-12-27;"04        ";RAIVA CAO - IMPORTADA;;"S         ";157
2019;2022-12-27;"03        ";RAIVA CAO - NACIONAL;;"NF        ";230
4167;2022-12-30;"01        ";V8 - IMPORTADA;LIGA PARA RUTH PEGAR LEFONE REBECA;"S         ";1543
3096;2023-01-02;"01        ";RAIVA GATO - NACIONAL;REFORÇO;"S         ";1558
3091;2023-01-04;"02        ";V8 - IMPORTADA;REFORÇO;"NF        ";1540
4156;2023-01-05;"02        ";RAIVA GATO - NACIONAL;;"NF        ";1539
3102;2023-01-05;"01        ";RAIVA CAO - NACIONAL;;"S         ";1550
3092;2023-01-06;"01        ";V8 - IMPORTADA;1 DOSE CACAU;"NF        ";1542
4165;2023-01-07;"02        ";V8 - IMPORTADA;3 DOSE;"NF        ";1548
3101;2023-01-10;"02        ";V8 - IMPORTADA;REFORÇO;"S         ";165
3103;2023-01-10;"01        ";V8 - IMPORTADA;REFORÇO;"S         ";167
3102;2023-01-10;"02        ";V4 GATO - IMPORTADA;REFORÇO;"S         ";232
3106;2023-01-12;"02        ";V8 - IMPORTADA;REFORÇO;"NF        ";171
3070;2023-01-12;"01        ";RAIVA GATO - NACIONAL;REFORÇO;"S         ";172
3070;2023-01-12;"01        ";RAIVA GATO - NACIONAL;PANDORA;"S         ";1327
3075;2023-01-12;"01        ";V8 - IMPORTADA;;"NF        ";1552
4107;2023-01-13;"02        ";V12 - NACIONAL;REFORÇO;"NF        ";174
4166;2023-01-13;"01        ";V12 - NACIONAL;3 DOSE;"NF        ";1557
4165;2023-01-14;"02        ";V8 - IMPORTADA;;"S         ";1576
4169;2023-01-16;"01        ";V12 - NACIONAL;1 DOSE;"S         ";1563
4170;2023-01-16;"03        ";RAIVA CAO - IMPORTADA;REFORÇO;"S         ";1577
3075;2023-01-16;"01        ";V8 - IMPORTADA;REFORÇO;"NF        ";1579
4166;2023-01-16;"02        ";V12 - NACIONAL;3 E 1 DOSE;"S         ";1580
3106;2023-01-17;"02        ";V8 - IMPORTADA;REFORÇO;"S         ";1575
3103;2023-01-18;"01        ";RAIVA CAO - NACIONAL;REFORÇO;"S         ";177
3082;2023-01-20;"01        ";RAIVA GATO - NACIONAL;REFORÇO;"NF        ";195
3093;2023-01-20;"01        ";RAIVA GATO - NACIONAL;REFORÇO ANUAL;"NF        ";226
2028;2023-01-20;"01        ";ANTICION;REFORÇO;"NF        ";1481
4107;2023-01-21;"02        ";RAIVA CAO - NACIONAL;REFORÇO;"NF        ";153
3088;2023-01-21;"01        ";ANTICION;;"S         ";1441
4167;2023-01-23;"01        ";V8 - IMPORTADA;4 DOSE BLO 4 APT 8;"S         ";1565
3091;2023-01-23;"02        ";V8 - IMPORTADA;REFORÇO;"NF        ";1567
4156;2023-01-23;"02        ";RAIVA GATO - NACIONAL;;"S         ";1568
4107;2023-01-26;"02        ";V12 - NACIONAL;REFORÇO;"S         ";1581
2019;2023-01-27;"03        ";V12 - NACIONAL;REFORÇO;"NF        ";1560
4167;2023-01-27;"01        ";RAIVA CAO - IMPORTADA;TIERES 991237275;"S         ";1595
4107;2023-01-30;"02        ";RAIVA CAO - NACIONAL;REFORÇO;"NF        ";1592
3070;2023-02-01;"01        ";V3 GATO - NACIONAL;2 DOSE MAYA;"S         ";1572
3070;2023-02-01;"01        ";RAIVA GATO - NACIONAL;REFORÇO LILICA;"S         ";1573
3101;2023-02-02;"02        ";RAIVA CAO - IMPORTADA;;"NF        ";239
4107;2023-02-03;"02        ";RAIVA CAO - NACIONAL;REFORÇO;"S         ";1598
2018;2023-02-04;"02        ";RAIVA CAO - IMPORTADA;REFORÇO;"S         ";241
4165;2023-02-04;"02        ";V8 - IMPORTADA;4 DOSE;"NF        ";1582
4166;2023-02-06;"02        ";V12 - NACIONAL;;"S         ";1584
4169;2023-02-07;"01        ";V12 - NACIONAL;2 DOSE LEVAR CARTEIRINHA;"S         ";1586
4113;2023-02-08;"01        ";RAIVA CAO - NACIONAL;REFORÇO;"NF        ";243
2030;2023-02-14;"02        ";V8 - IMPORTADA;REFORÇO;"S         ";249
4175;2023-02-15;"03        ";RAIVA CAO - IMPORTADA;TIGRAO BOBY E BRANCO;"S         ";1601
3100;2023-02-16;"01        ";RAIVA GATO - NACIONAL;REFORÇO;"NF        ";255
4177;2023-02-20;"01        ";V8 - IMPORTADA;1° DOSE;"S         ";1619
2030;2023-02-21;"02        ";RAIVA CAO - IMPORTADA;REFORÇO LEVAR 2 CARTEIRA;"S         ";250
2030;2023-02-21;"02        ";RAIVA CAO - IMPORTADA;;"S         ";258
4112;2023-02-22;"01        ";V8 - IMPORTADA;REFORÇO;"NF        ";265
3075;2023-02-23;"01        ";RAIVA CAO - IMPORTADA;;"NF        ";1553
2035;2023-02-24;"01        ";V8 - IMPORTADA;;"NF        ";267
3070;2023-02-28;"01        ";V3 GATO - NACIONAL;3 DOSE;"S         ";1607
4169;2023-02-28;"02        ";V12 - NACIONAL;LEVAR CARTEIRA BRINQUEDO VAI TOMAR TAMBÉM;"S         ";1610
4112;2023-03-02;"01        ";RAIVA CAO - IMPORTADA;;"NF        ";270
3093;2023-03-03;"01        ";RAIVA CAO - NACIONAL;REFORÇO;"NF        ";272
4113;2023-03-03;"01        ";V12 - NACIONAL;REFORÇO;"NF        ";273
3101;2023-03-03;"02        ";RAIVA CAO - IMPORTADA;REFORÇO;"S         ";1603
3082;2023-03-04;"02        ";V3 GATO - NACIONAL;REFORÇO;"NF        ";1301
4166;2023-03-04;"01        ";V12 - NACIONAL;01 RAIVA;"S         ";1612
4118;2023-03-05;"02        ";RAIVA GATO - IMPORTADA;REFORÇO;"NF        ";275
3105;2023-03-06;"02        ";OUTROS...;VERMIFUGO;"S         ";1532
3099;2023-03-07;"01        ";RAIVA CAO - IMPORTADA;REFORÇO;"NF        ";280
4109;2023-03-07;"01        ";ANTICION;REFORÇO;"NF        ";1480
3070;2023-03-08;"01        ";RAIVA GATO - NACIONAL;;"S         ";1626
4119;2023-03-09;"01        ";V8 - IMPORTADA;REFORÇO;"NF        ";282
4108;2023-03-09;"01        ";RAIVA CAO - NACIONAL;REFORÇO;"NF        ";283
4178;2023-03-11;"01        ";V12 - NACIONAL;2° DOSE;"S         ";1620
4177;2023-03-13;"01        ";V8 - IMPORTADA;2° DOSE;"S         ";1622
4119;2023-03-14;"01        ";V8 - IMPORTADA;;"NF        ";2638
4119;2023-03-14;"01        ";V8 - IMPORTADA;;"NF        ";2640
4119;2023-03-15;"01        ";RAIVA CAO - NACIONAL;REFORÇO;"NF        ";290
3105;2023-03-16;"02        ";OUTROS...;VERMIFUGO;"S         ";1631
4118;2023-03-18;"02        ";V4 GATO - IMPORTADA;REFORÇO;"S         ";1630
3082;2023-03-20;"02        ";RAIVA GATO - NACIONAL;;"NF        ";1632
4119;2023-03-20;"01        ";RAIVA CAO - NACIONAL;REFORÇO;"NF        ";2642
4111;2023-03-21;"01        ";RAIVA CAO - NACIONAL;REFORÇO;"NF        ";1289
4119;2023-03-21;"01        ";RAIVA CAO - NACIONAL;;"NF        ";2639
4119;2023-03-21;"01        ";V8 - IMPORTADA;;"NF        ";2644
4119;2023-03-21;"01        ";V8 - IMPORTADA;;"NF        ";2646
4112;2023-03-22;"01        ";V8 - IMPORTADA;;"NF        ";1623
4169;2023-03-23;"01        ";V12 - NACIONAL;;"S         ";1627
2035;2023-03-25;"01        ";V8 - IMPORTADA;;"NF        ";1624
4179;2023-03-28;"01        ";V12 - NACIONAL;2° DOSE;"S         ";1633
4119;2023-03-28;"01        ";RAIVA CAO - NACIONAL;;"NF        ";2645
4166;2023-03-29;"01        ";V12 - NACIONAL;4° DOSE  DA IVI;"S         ";2633
4112;2023-03-30;"01        ";RAIVA CAO - IMPORTADA;;"NF        ";1629
3099;2023-03-30;"01        ";RAIVA CAO - IMPORTADA;;"NF        ";2637
4178;2023-04-01;"01        ";V12 - NACIONAL;;"S         ";2641
4118;2023-04-01;"02        ";RAIVA GATO - IMPORTADA;;"S         ";2653
4177;2023-04-03;"01        ";V8 - IMPORTADA;3° DOSE;"S         ";2643
3082;2023-04-05;"02        ";RAIVA GATO - NACIONAL;REFORÇO;"NF        ";1298
3105;2023-04-05;"01        ";RAIVA GATO - NACIONAL;REFORÇO;"NF        ";1299
3061;2023-04-05;"01        ";ANTICION;;"NF        ";1531
4169;2023-04-05;"02        ";RAIVA CAO - NACIONAL;BOBY E BRINQUEDO;"S         ";2651
4166;2023-04-05;"01        ";RAIVA CAO - NACIONAL;;"NF        ";2655
4169;2023-04-06;"02        ";RAIVA CAO - NACIONAL;BIDU E BRINQUEDO;"S         ";1628
3105;2023-04-06;"01        ";V4 GATO - IMPORTADA;;"S         ";2661
3091;2023-04-07;"01        ";RAIVA CAO - IMPORTADA;REFORÇO;"NF        ";1305
4122;2023-04-07;"05        ";RAIVA CAO - NACIONAL;01 É GATO;"NF        ";1306
4123;2023-04-08;"01        ";RAIVA CAO - NACIONAL;REFORÇO;"NF        ";1308
3098;2023-04-12;"01        ";RAIVA CAO - NACIONAL;REFORÇO;"NF        ";1310
4166;2023-04-12;"01        ";RAIVA CAO - NACIONAL;;"S         ";2662
4143;2023-04-13;"01        ";ANTICION;;"S         ";1524
3061;2023-04-14;"01        ";ANTICION;;"NF        ";2676
4124;2023-04-16;"02        ";V8 - IMPORTADA;REFORÇO;"S         ";1314
4122;2023-04-17;"05        ";RAIVA CAO - NACIONAL;01 É GATO;"NF        ";2677
4115;2023-04-18;"01        ";V8 - IMPORTADA;REFORÇO;"NF        ";1316
3098;2023-04-19;"02        ";RAIVA CAO - IMPORTADA;;"S         ";2673
4116;2023-04-20;"01        ";V12 - NACIONAL;REFORÇO;"S         ";1318
4119;2023-04-20;"01        ";V8 - IMPORTADA;;"NF        ";2648
4178;2023-04-22;"01        ";V12 - NACIONAL;4 DOSE;"S         ";2657
4177;2023-04-24;"01        ";V8 - IMPORTADA;;"NF        ";2658
3061;2023-04-24;"01        ";ANTICION;;"NF        ";2681
3070;2023-04-25;"01        ";RAIVA GATO - NACIONAL;REFORÇO;"NF        ";1322
4122;2023-04-25;"05        ";RAIVA CAO - NACIONAL;01 GATO TOTAL 06 VACINAS;"NF        ";2696
4116;2023-04-27;"01        ";RAIVA CAO - NACIONAL;REFORÇO;"S         ";1328
4174;2023-04-27;"01        ";ANTICION;;"S         ";1599
5179;2023-04-27;"01        ";V12 - NACIONAL;CACHORRO DOADO PRO VERGEL 2 DOSE;"NF        ";2663
4179;2023-04-27;"01        ";V12 - NACIONAL;3° DOSE;"S         ";2664
4127;2023-04-28;"02        ";V8 - IMPORTADA;REFORÇO;"NF        ";1331
4119;2023-04-28;"01        ";RAIVA CAO - NACIONAL;;"NF        ";2649
4122;2023-05-02;"05        ";RAIVA CAO - NACIONAL;01 GATO SAO 6 AO TOTAL;"NF        ";2682
3105;2023-05-03;"02        ";V3 GATO - NACIONAL;ALICE E CHITARA;"S         ";2670
5179;2023-05-03;"01        ";V12 - NACIONAL;SO LEMBRAR CACHORRA BRANQUINHA;"S         ";2675
4177;2023-05-03;"01        ";V8 - IMPORTADA;4 DOSE;"S         ";2689
4115;2023-05-04;"01        ";V8 - IMPORTADA;;"NF        ";2684
3070;2023-05-04;"01        ";V3 GATO - NACIONAL;3 DOSE FILHOTE;"S         ";2692
4127;2023-05-05;"02        ";RAIVA CAO - IMPORTADA;REFORÇO;"NF        ";1333
3082;2023-05-05;"02        ";RAIVA GATO - NACIONAL;;"NF        ";2667
5181;2023-05-05;"02        ";V3 GATO - NACIONAL;;"S         ";2679
3091;2023-05-08;"01        ";RAIVA CAO - IMPORTADA;;"NF        ";2668
4123;2023-05-08;"01        ";RAIVA CAO - NACIONAL;;"NF        ";2680
3046;2023-05-09;"02        ";RAIVA CAO - NACIONAL;REFORÇO;"NF        ";1334
4128;2023-05-09;"02        ";V8 - IMPORTADA;REFORÇO;"NF        ";1336
4117;2023-05-10;"03        ";V12 - NACIONAL;REFORÇO;"NF        ";1347
4177;2023-05-10;"1         ";RAIVA CAO - IMPORTADA;KIARA;"S         ";2709
3098;2023-05-15;"02        ";V12 - NACIONAL;;"S         ";2671
3046;2023-05-16;"02        ";V8 - IMPORTADA;;"NF        ";1341
3070;2023-05-16;"01        ";V12 - NACIONAL;REFORÇO;"S         ";1342
4128;2023-05-17;"01        ";RAIVA CAO - IMPORTADA;REFORÇO;"NF        ";1344
4179;2023-05-18;"01        ";V12 - NACIONAL;;"S         ";2699
4178;2023-05-18;"01        ";RAIVA CAO - NACIONAL;;"S         ";2701
5179;2023-05-18;"01        ";V12 - NACIONAL;;"NF        ";2703
4117;2023-05-21;"02        ";RAIVA CAO - NACIONAL;"1 V12 NACIONAL ";"NF        ";1345
3098;2023-05-22;"02        ";RAIVA CAO - NACIONAL;;"S         ";2672
4128;2023-05-22;"01        ";V8 - IMPORTADA;;"NF        ";2716
3070;2023-05-23;"01        ";RAIVA CAO - NACIONAL;REFORÇO;"S         ";1346
3102;2023-05-25;"02        ";RAIVA GATO - IMPORTADA;REFORÇO;"S         ";1348
4168;2023-05-25;"01        ";ANTICION;;"S         ";1559
3105;2023-05-25;"01        ";V3 GATO - NACIONAL;CHITARA;"S         ";2718
2044;2023-05-26;"7         ";RAIVA CAO - IMPORTADA;REFORÇO;"NF        ";1350
2044;2023-05-26;"03        ";RAIVA GATO - IMPORTADA;REFORÇO;"NF        ";1351
5181;2023-05-26;"01        ";V3 GATO - NACIONAL;3 DOSE FILHOTE;"S         ";2719
4128;2023-05-29;"01        ";RAIVA CAO - IMPORTADA;;"NF        ";2717
5184;2023-05-29;"01        ";V12 - NACIONAL;2 DOSE LEVAR CARTEIRINHA;"S         ";2720
5185;2023-05-29;"01        ";V8 - IMPORTADA;2 DOSE;"NF        ";2721
4133;2023-06-02;"07        ";V8 - IMPORTADA;REFORÇO CLAUDINHA;"NF        ";1355
4134;2023-06-02;"02        ";V8 - IMPORTADA;REFORÇO;"NF        ";1356
4179;2023-06-02;"01        ";RAIVA CAO - NACIONAL;;"S         ";2729
3070;2023-06-02;"01        ";RAIVA CAO - NACIONAL;LUNA;"NF        ";2732
5181;2023-06-02;"02        ";RAIVA GATO - NACIONAL;;"S         ";2734
4127;2023-06-02;"02        ";RAIVA CAO - IMPORTADA;;"S         ";2735
5183;2023-06-05;"02        ";V3 GATO - NACIONAL;;"S         ";2723
4134;2023-06-09;"02        ";RAIVA CAO - IMPORTADA;REFORÇO;"NF        ";1357
4135;2023-06-09;"01        ";V8 - IMPORTADA;REFORÇO;"S         ";1359
5183;2023-06-15;"02        ";V3 GATO - NACIONAL;;"S         ";2694
4135;2023-06-16;"01        ";RAIVA CAO - IMPORTADA;REFORÇO;"S         ";1360
4136;2023-06-16;"01        ";V8 - IMPORTADA;;"NF        ";1364
4177;2023-06-16;"01        ";OUTROS...;VERMIFUGO;"S         ";1618
3105;2023-06-16;"03        ";OUTROS...;VERMIFUGO;"S         ";2647
5184;2023-06-16;"01        ";V12 - NACIONAL;;"S         ";2738
4171;2023-06-19;"01        ";ANTICION;;"NF        ";1588
4133;2023-06-20;"07        ";V8 - IMPORTADA;;"NF        ";2740
5187;2023-06-20;"01        ";V12 - NACIONAL;;"S         ";2741
4133;2023-06-21;"07        ";RAIVA CAO - IMPORTADA;REFORÇO;"NF        ";1366
3105;2023-06-21;"03        ";RAIVA GATO - NACIONAL;01 GATO DOENÇA 4 N TOTAL;"S         ";2737
3088;2023-06-23;"01        ";ANTICION;;"S         ";1593
4138;2023-07-01;"01        ";V8 - IMPORTADA;01 RAIVA IMPORTADA AS DUAS JUNTO;"NF        ";1369
4139;2023-07-04;"01        ";V8 - IMPORTADA;REFORÇO;"NF        ";1370
4140;2023-07-05;"01        ";RAIVA CAO - NACIONAL;REFORÇO;"NF        ";1374
4141;2023-07-05;"02        ";V12 - NACIONAL;REFORÇO;"NF        ";1375
3105;2023-07-05;"03        ";OUTROS...;VERMIFUGO PAGO;"S         ";2754
4133;2023-07-06;"02        ";V8 - IMPORTADA;REFORÇO CACHORRO DA MAE;"NF        ";1376
3069;2023-07-07;"03        ";V12 - NACIONAL;REFORÇO;"NF        ";1380
4142;2023-07-10;"01        ";RAIVA GATO - IMPORTADA;REFORÇO;"NF        ";1382
5188;2023-07-10;"01        ";V8 - IMPORTADA;AGULHA PEQUENA;"S         ";2753
4133;2023-07-10;"7         ";V8 - IMPORTADA;;"NF        ";2758
5187;2023-07-11;"01        ";V12 - NACIONAL;;"S         ";2755
4125;2023-07-12;"01        ";V8 - IMPORTADA;REFORÇO;"NF        ";1384
3105;2023-07-14;"01        ";V3 GATO - NACIONAL;;"S         ";2761
5184;2023-07-15;"01        ";V12 - NACIONAL;;"S         ";2760
3070;2023-07-17;"01        ";RAIVA CAO - NACIONAL;;"NF        ";2742
4133;2023-07-17;"7         ";RAIVA CAO - IMPORTADA;;"NF        ";2759
4133;2023-07-17;"7         ";RAIVA CAO - IMPORTADA;;"NF        ";2770
4136;2023-07-18;"01        ";RAIVA CAO - IMPORTADA;REFORÇO;"NF        ";1390
4125;2023-07-19;"01        ";RAIVA CAO - IMPORTADA;REFORÇO;"NF        ";1392
5190;2023-07-24;"01        ";V12 - NACIONAL;;"S         ";2767
5184;2023-07-24;"01        ";RAIVA CAO - NACIONAL;;"S         ";2782
3105;2023-07-24;"01        ";RAIVA GATO - NACIONAL;;"S         ";2784
3105;2023-07-27;"01        ";RAIVA GATO - IMPORTADA;REFORÇO;"NF        ";1395
4124;2023-07-27;"02        ";RAIVA CAO - IMPORTADA;REFORÇO N 356;"S         ";1397
3053;2023-07-27;"01        ";RAIVA CAO - IMPORTADA;REFORÇO;"S         ";1398
4130;2023-07-28;"01        ";V12 - NACIONAL;REFORÇO;"NF        ";1399
3058;2023-07-28;"01        ";V12 - NACIONAL;REOFRÇO;"NF        ";1402
4131;2023-07-29;"01        ";V12 - NACIONAL;REFORÇO;"NF        ";1403
5188;2023-07-31;"1         ";V8 - IMPORTADA;;"S         ";2776
4125;2023-08-01;"02        ";V8 - IMPORTADA;OS DOIS PEQUENOS;"NF        ";1406
3056;2023-08-02;"01        ";V8 - IMPORTADA;REFORÇO;"NF        ";1409
4131;2023-08-03;"01        ";RAIVA CAO - NACIONAL;REFORÇO;"NF        ";1410
4139;2023-08-04;"01        ";RAIVA CAO - IMPORTADA;REFORÇO;"NF        ";1371
4137;2023-08-05;"01        ";V12 - NACIONAL;REFORÇO;"S         ";1412
3056;2023-08-05;"01        ";RAIVA CAO - IMPORTADA;REFORÇO;"NF        ";1414
4130;2023-08-05;"01        ";RAIVA CAO - NACIONAL;REFORÇO;"NF        ";1416
4147;2023-08-05;"5         ";V8 - IMPORTADA;REFORÇO;"S         ";1418
4179;2023-08-07;"01        ";ANTICION;;"S         ";1634
4174;2023-08-07;"01        ";ANTICION;;"NF        ";2702
3069;2023-08-10;"02        ";V12 - NACIONAL;;"S         ";2771
4132;2023-08-11;"01        ";V8 - IMPORTADA;REFORÇO;"NF        ";1422
3067;2023-08-11;"01        ";V12 - NACIONAL;REFORÇO;"S         ";1424
4137;2023-08-11;"01        ";RAIVA CAO - NACIONAL;REFORÇO;"S         ";1425
4124;2023-08-11;"02        ";V8 - IMPORTADA;REFORÇO;"S         ";1461
4147;2023-08-13;"05        ";RAIVA CAO - IMPORTADA;REFORÇO;"S         ";1427
4148;2023-08-14;"04        ";V8 - IMPORTADA;REFORÇO;"NF        ";1429
4133;2023-08-14;"7         ";V8 - IMPORTADA;;"NF        ";2769
4125;2023-08-15;"02        ";RAIVA CAO - IMPORTADA;REFORÇO;"NF        ";1430
2046;2023-08-15;"01        ";V8 - IMPORTADA;REFORÇO;"NF        ";1431
4133;2023-08-15;"7         ";V8 - IMPORTADA;;"NF        ";2774
4130;2023-08-15;"01        ";V12 - NACIONAL;;"NF        ";2787
5190;2023-08-15;"01        ";V12 - NACIONAL;;"S         ";2789
4149;2023-08-16;"01        ";V8 - IMPORTADA;REFORÇO;"NF        ";1433
4132;2023-08-17;"01        ";RAIVA CAO - IMPORTADA;REFORÇO;"NF        ";1434
5188;2023-08-21;"01        ";V8 - IMPORTADA;;"S         ";2795
2046;2023-08-22;"01        ";RAIVA CAO - IMPORTADA;REFORÇO;"NF        ";1436
4142;2023-08-22;"01        ";V4 GATO - IMPORTADA;REFORÇO;"NF        ";1437
2044;2023-08-22;"10        ";RAIVA CAO - IMPORTADA;SENDO 3 GATOS;"NF        ";2727
4133;2023-08-22;"7         ";RAIVA CAO - IMPORTADA;;"NF        ";2775
4116;2023-08-22;"01        ";OUTROS...;VERMIFUGO FILHOTE;"S         ";2803
5194;2023-08-24;"01        ";V8 - IMPORTADA;2° DOSE;"S         ";2798
5195;2023-08-25;"01        ";V8 - IMPORTADA;01 GATO NACIONAL;"NF        ";2801
4150;2023-08-26;"01        ";V12 - NACIONAL;REFORÇO;"S         ";1442
5197;2023-08-28;"01        ";V8 - IMPORTADA;3° DOSE;"S         ";2804
5188;2023-08-28;"01        ";RAIVA CAO - IMPORTADA;;"S         ";2816
5199;2023-08-28;"01        ";RAIVA CAO - NACIONAL;REFORÇO;"S         ";2818
4150;2023-08-29;"01        ";RAIVA CAO - NACIONAL;REFORÇO;"S         ";1444
4151;2023-08-29;"01        ";RAIVA CAO - NACIONAL;REFORÇO;"NF        ";1446
4142;2023-08-29;"01        ";V4 GATO - IMPORTADA;REFORÇO;"NF        ";1447
2022;2023-08-30;"01        ";RAIVA CAO - NACIONAL;REFORÇO;"S         ";1449
5198;2023-08-30;"01        ";V8 - IMPORTADA;;"NF        ";2811
4130;2023-09-04;"01        ";V12 - NACIONAL;;"NF        ";2806
2025;2023-09-05;"01        ";V8 - IMPORTADA;REFORÇO;"NF        ";1452
3061;2023-09-05;"01        ";ANTICION;;"NF        ";2688
5190;2023-09-05;"01        ";V12 - NACIONAL;;"NF        ";2813
4143;2023-09-10;"02        ";ANTICION;;"S         ";2678
4142;2023-09-11;"01        ";V4 GATO - IMPORTADA;;"NF        ";2768
4130;2023-09-11;"01        ";RAIVA CAO - NACIONAL;;"NF        ";2805
3069;2023-09-12;"03        ";RAIVA CAO - NACIONAL;REFORÇO;"S         ";1455
4153;2023-09-12;"03        ";V8 - IMPORTADA;REFORÇO;"NF        ";1456
3067;2023-09-15;"01        ";RAIVA CAO - NACIONAL;;"S         ";1459
4157;2023-09-15;"01        ";V12 - NACIONAL;REFOÇO;"NF        ";1474
4164;2023-09-15;"01        ";V8 - IMPORTADA;REFORÇO;"NF        ";1518
5200;2023-09-15;"02        ";RAIVA GATO - NACIONAL;2 DOSE;"S         ";2821
4124;2023-09-16;"02        ";RAIVA CAO - IMPORTADA;REFORÇO;"S         ";1462
4116;2023-09-16;"01        ";V8 - IMPORTADA;2° DOSE;"S         ";2823
3106;2023-09-16;"01        ";V8 - IMPORTADA;2° DOSE;"S         ";2824
3073;2023-09-19;"01        ";RAIVA CAO - IMPORTADA;1 GATO;"S         ";1463
4151;2023-09-19;"02        ";V8 - IMPORTADA;REFORÇO;"S         ";1465
5197;2023-09-19;"01        ";V8 - IMPORTADA;4° DOSE;"NF        ";2827
3074;2023-09-21;"01        ";V12 - NACIONAL;REFORÇO;"S         ";1469
4157;2023-09-22;"01        ";RAIVA CAO - NACIONAL;REFORÇO;"NF        ";1475
3099;2023-09-22;"01        ";V8 - IMPORTADA;2 RAIVA;"S         ";2829
4142;2023-09-22;"01        ";V4 GATO - IMPORTADA;;"NF        ";2833
5202;2023-09-22;"01        ";RAIVA CAO - IMPORTADA;;"S         ";2842
5203;2023-09-22;"02        ";V4 GATO - IMPORTADA;LEVAR CARTEIRINHAS;"NF        ";2848
4151;2023-09-23;"01        ";V8 - IMPORTADA;01 RAIVA IMPORTADA;"S         ";1472
4139;2023-09-23;"01        ";RAIVA CAO - IMPORTADA;REFORÇO;"S         ";1476
3073;2023-09-25;"01        ";V8 - IMPORTADA;01 GATO IMPORTADA;"NF        ";1478
5204;2023-09-25;"01        ";V8 - IMPORTADA;1° DOSE;"S         ";2855
4158;2023-09-28;"02        ";V12 - NACIONAL;REFORÇO;"S         ";1477
5203;2023-09-29;"02        ";RAIVA GATO - IMPORTADA;;"NF        ";2849
4177;2023-10-02;"02        ";OUTROS...;VERMIFUGO;"S         ";2752
5205;2023-10-02;"01        ";RAIVA CAO - NACIONAL;;"S         ";2862
5206;2023-10-02;"01        ";V12 - NACIONAL;1° DOSE;"S         ";2864
5201;2023-10-03;"01        ";V8 - IMPORTADA;3° DOSE;"S         ";2835
5203;2023-10-04;"02        ";V3 GATO - NACIONAL;;"S         ";2858
5200;2023-10-06;"02        ";V3 GATO - NACIONAL;;"S         ";2839
3106;2023-10-07;"01        ";V8 - IMPORTADA;3° DOSE;"S         ";2844
4116;2023-10-07;"01        ";V8 - IMPORTADA;3° DOSE;"S         ";2845
3082;2023-10-09;"02        ";RAIVA GATO - NACIONAL;;"S         ";2869
4159;2023-10-10;"01        ";RAIVA CAO - NACIONAL;REFORÇO;"NF        ";1483
4176;2023-10-10;"01        ";RAIVA CAO - IMPORTADA;REFORÇO;"S         ";1617
5203;2023-10-11;"02        ";RAIVA GATO - IMPORTADA;;"S         ";2861
4154;2023-10-13;"03        ";V12 - NACIONAL;01 GATO NACIONAL;"NF        ";1457
3099;2023-10-13;"01        ";V8 - IMPORTADA;;"S         ";2856
3074;2023-10-15;"01        ";RAIVA CAO - NACIONAL;REFORÇO;"S         ";1487
4142;2023-10-16;"01        ";V4 GATO - IMPORTADA;;"NF        ";2850
5204;2023-10-16;"01        ";V8 - IMPORTADA;;"S         ";2860
4144;2023-10-17;"01        ";V8 - IMPORTADA;REFORÇO;"NF        ";1488
4160;2023-10-17;"02        ";V8 - IMPORTADA;REFORÇO;"NF        ";1491
4159;2023-10-17;"01        ";V12 - NACIONAL;;"NF        ";2877
3070;2023-10-18;"01        ";V3 GATO - NACIONAL;REFORÇO;"S         ";1493
3079;2023-10-19;"02        ";RAIVA CAO - NACIONAL;REFORÇO;"S         ";1494
4159;2023-10-20;"01        ";V12 - NACIONAL;REFORÇO;"NF        ";1495
4161;2023-10-20;"02        ";V8 - IMPORTADA;REFORÇO;"NF        ";1496
4168;2023-10-20;"01        ";ANTICION;;"S         ";2730
5181;2023-10-20;"02        ";ANTICION;LIQUIDO;"NF        ";2786
4142;2023-10-23;"01        ";V4 GATO - IMPORTADA;;"NF        ";2817
5207;2023-10-24;"01        ";V8 - IMPORTADA;2° DOSE;"S         ";2870
4142;2023-10-25;"01        ";V4 GATO - IMPORTADA;;"NF        ";2820
4130;2023-10-26;"01        ";V12 - NACIONAL;;"NF        ";2831
2035;2023-10-27;"02        ";V12 - NACIONAL;01 RAIVA NACIONAL;"NF        ";1501
5206;2023-10-27;"01        ";V12 - NACIONAL;;"NF        ";2867
5201;2023-10-27;"01        ";V8 - IMPORTADA;;"S         ";2868
2018;2023-10-28;"02        ";V8 - IMPORTADA;REFORÇO;"S         ";1498
4162;2023-10-28;"01        ";RAIVA GATO - IMPORTADA;GATO GRINGO;"NF        ";1499
4162;2023-10-28;"02        ";RAIVA GATO - IMPORTADA;TOTAL SAO 3 GATOS;"NF        ";1500
5209;2023-10-30;"01        ";V12 - NACIONAL;CACHORRO DA MARIA;"S         ";2875
5211;2023-10-30;"01        ";RAIVA CAO - IMPORTADA;PAGO;"S         ";3896
3059;2023-10-31;"02        ";V12 - NACIONAL;1 V8;"NF        ";1503
4155;2023-11-03;"01        ";V4 GATO - IMPORTADA;;"NF        ";1506
4163;2023-11-03;"03        ";V8 - IMPORTADA;01 GATO IMPORTADA;"NF        ";1508
4174;2023-11-03;"01        ";ANTICION;;"NF        ";2810
3099;2023-11-03;"01        ";V8 - IMPORTADA;;"NF        ";3884
3106;2023-11-04;"01        ";V8 - IMPORTADA;;"S         ";3882
4116;2023-11-04;"01        ";V8 - IMPORTADA;;"NF        ";3883
3069;2023-11-05;"01        ";V3 GATO - NACIONAL;REFORÇO;"NF        ";1510
3105;2023-11-06;"4         ";OUTROS...;VERMIFUGO;"S         ";2772
4130;2023-11-06;"01        ";RAIVA CAO - NACIONAL;;"NF        ";2832
5204;2023-11-06;"01        ";V8 - IMPORTADA;;"S         ";3886
5201;2023-11-06;"01        ";RAIVA CAO - IMPORTADA;;"S         ";3899
5209;2023-11-06;"01        ";V12 - NACIONAL;;"S         ";3902
4144;2023-11-07;"01        ";RAIVA CAO - IMPORTADA;;"NF        ";1513
3080;2023-11-07;"01        ";V8 - IMPORTADA;REFORÇO;"NF        ";1516
4144;2023-11-07;"01        ";V8 - IMPORTADA;;"NF        ";3907
4164;2023-11-08;"01        ";RAIVA CAO - IMPORTADA;REFORÇO;"NF        ";1519
3069;2023-11-09;"01        ";V3 GATO - NACIONAL;REFORÇO;"NF        ";1520
3060;2023-11-09;"01        ";RAIVA CAO - NACIONAL;REFORÇO;"NF        ";1521
5200;2023-11-09;"03        ";RAIVA GATO - NACIONAL;;"NF        ";2878
3070;2023-11-10;"01        ";RAIVA GATO - NACIONAL;LILICA;"NF        ";1522
5190;2023-11-10;"01        ";RAIVA CAO - NACIONAL;;"NF        ";2881
4159;2023-11-10;"01        ";RAIVA CAO - NACIONAL;;"S         ";3913
3106;2023-11-11;"01        ";RAIVA CAO - IMPORTADA;;"S         ";3909
5212;2023-11-13;"03        ";RAIVA CAO - NACIONAL;;"S         ";3916
5217;2023-11-14;"01        ";V8 - IMPORTADA;;"S         ";3925
3092;2023-11-16;"01        ";V8 - IMPORTADA;REFORÇO;"S         ";1525
5207;2023-11-16;"01        ";V12 - NACIONAL;3° DOSE;"S         ";3895
4162;2023-11-17;"03        ";V4 GATO - IMPORTADA;REFORÇO;"NF        ";1527
3087;2023-11-22;"02        ";V8 - IMPORTADA;REFORÇO;"S         ";1529
5204;2023-11-27;"01        ";V8 - IMPORTADA;;"S         ";3912
3087;2023-11-28;"02        ";RAIVA CAO - IMPORTADA;REFORÇO;"S         ";1535
4156;2023-11-28;"02        ";V3 GATO - NACIONAL;REFORÇO;"NF        ";1536
5209;2023-11-28;"01        ";V12 - NACIONAL;;"S         ";3915
5219;2023-11-28;"01        ";RAIVA CAO - IMPORTADA;;"S         ";3940
5206;2023-11-29;"01        ";V12 - NACIONAL;;"S         ";3918
3099;2023-11-29;"01        ";RAIVA CAO - IMPORTADA;;"NF        ";3938
5213;2023-11-30;"01        ";V8 - IMPORTADA;SEGUNDA DOSE;"S         ";3919
5215;2023-12-01;"01        ";V8 - IMPORTADA;SEGUNDA DOSE;"S         ";3922
2019;2023-12-02;"01        ";V8 - IMPORTADA;SEGUNDA DOSE;"NF        ";3923
5195;2023-12-04;"01        ";V8 - IMPORTADA;01 GATO NACIONAL;"S         ";3929
3088;2023-12-05;"01        ";ANTICION;;"S         ";2763
5218;2023-12-07;"01        ";V8 - IMPORTADA;SEGUNDA DOSE;"S         ";3932
4155;2023-12-08;"01        ";V4 GATO - IMPORTADA;;"NF        ";3906
3092;2023-12-09;"01        ";RAIVA CAO - IMPORTADA;REFORÇO;"S         ";1541
3096;2023-12-12;"01        ";V4 GATO - IMPORTADA;REFORÇO;"S         ";1545
5207;2023-12-12;"01        ";V12 - NACIONAL;;"S         ";3934
5204;2023-12-12;"01        ";RAIVA CAO - IMPORTADA;;"S         ";3943
3099;2023-12-12;"01        ";RAIVA CAO - IMPORTADA;VERMIFUGO PARA TODOS;"S         ";3944
4155;2023-12-13;"01        ";V4 GATO - IMPORTADA;;"NF        ";3905
3069;2023-12-13;"01        ";V3 GATO - NACIONAL;SEGUNDA DOSE;"S         ";3937
3082;2023-12-17;"01        ";V3 GATO - NACIONAL;BISCATINHA;"S         ";1546
3082;2023-12-17;"01        ";V8 - IMPORTADA;REFORÇO;"S         ";1547
3102;2023-12-19;"01        ";V12 - NACIONAL;REFORÇO;"S         ";1549
5209;2023-12-19;"01        ";V12 - NACIONAL;;"S         ";3947
2036;2023-12-20;"04        ";V8 - IMPORTADA;REFORÇO;"NF        ";1551
5213;2023-12-20;"01        ";V8 - IMPORTADA;3 DOSE;"NF        ";3948
5206;2023-12-20;"01        ";V12 - NACIONAL;;"S         ";3949
5220;2023-12-20;"01        ";RAIVA CAO - IMPORTADA;;"NF        ";3964
2022;2023-12-21;"01        ";V12 - NACIONAL;REFORÇO;"S         ";1554
3070;2023-12-22;"01        ";V3 GATO - NACIONAL;FAZER CARTEIRINHA NOVA;"NF        ";1555
3082;2023-12-22;"01        ";RAIVA CAO - IMPORTADA;01 RAIVA GATO IMPORTADA;"S         ";1556
5215;2023-12-22;"01        ";V8 - IMPORTADA;3° DOSE;"S         ";3951
2036;2023-12-29;"04        ";RAIVA CAO - IMPORTADA;REFORÇO;"NF        ";1561
5218;2023-12-29;"01        ";V8 - IMPORTADA;;"S         ";3953
4177;2023-12-31;"02        ";OUTROS...;VERMIFUGO;"NF        ";2865
3096;2024-01-02;"01        ";RAIVA GATO - NACIONAL;REFORÇO;"S         ";1564
3102;2024-01-03;"01        ";RAIVA CAO - NACIONAL;REFORÇO;"S         ";1566
3069;2024-01-04;"01        ";V3 GATO - NACIONAL;;"S         ";3960
5207;2024-01-04;"01        ";RAIVA CAO - NACIONAL;;"S         ";3962
3060;2024-01-05;"01        ";RAIVA CAO - NACIONAL;REFORÇO;"S         ";3950
5187;2024-01-05;"01        ";V3 GATO - NACIONAL;SEGUNDA DOSE;"S         ";3963
2019;2024-01-06;"01        ";V8 - IMPORTADA;3° DOSE;"S         ";3971
3101;2024-01-08;"02        ";RAIVA CAO - IMPORTADA;LEVAR CARTEIRINHA;"NF        ";1609
4156;2024-01-08;"02        ";V3 GATO - NACIONAL;;"NF        ";3956
5213;2024-01-08;"01        ";V8 - IMPORTADA;3° DOSE;"NF        ";3974
3102;2024-01-09;"02        ";V4 GATO - IMPORTADA;REFORÇO;"S         ";1569
3101;2024-01-09;"02        ";V8 - IMPORTADA;REFORÇO LEVAR CARTEIRINHA 2;"S         ";1570
5206;2024-01-09;"01        ";RAIVA CAO - NACIONAL;;"NF        ";3977
3070;2024-01-10;"01        ";RAIVA CAO - NACIONAL;REFORÇO;"NF        ";1571
3069;2024-01-10;"01        ";RAIVA GATO - NACIONAL;;"S         ";3984
3103;2024-01-11;"01        ";V8 - IMPORTADA;REFORÇO LEVAR CARTEIRINHA;"NF        ";1574
4170;2024-01-12;"03        ";V8 - IMPORTADA;REFORÇO;"S         ";1578
4172;2024-01-12;"02        ";V12 - NACIONAL;REFORÇO;"NF        ";1589
5215;2024-01-12;"01        ";V8 - IMPORTADA;;"S         ";3979
2019;2024-01-15;"01        ";V8 - IMPORTADA;;"S         ";3955
4170;2024-01-16;"03        ";RAIVA CAO - NACIONAL;REFORÇO;"S         ";1583
3103;2024-01-17;"01        ";RAIVA CAO - NACIONAL;LEVAR CARTEIRINHA;"NF        ";1585
3106;2024-01-18;"02        ";V8 - IMPORTADA;REFORÇO;"NF        ";1587
4172;2024-01-19;"02        ";RAIVA CAO - NACIONAL;REFORÇO;"NF        ";1590
5195;2024-01-19;"01        ";RAIVA CAO - NACIONAL;01 GATO RAIVA NACIONAL;"S         ";3967
5215;2024-01-19;"01        ";RAIVA CAO - IMPORTADA;;"S         ";4002
4173;2024-01-20;"01        ";RAIVA GATO - NACIONAL;REFORÇO;"NF        ";1591
5196;2024-01-22;"03        ";ANTICION;;"S         ";2802
4167;2024-01-24;"01        ";V8 - IMPORTADA;TIERES MARIDO 991237275;"NF        ";1594
4156;2024-01-25;"02        ";RAIVA GATO - NACIONAL;REFORÇO;"NF        ";1596
4179;2024-01-25;"01        ";ANTICION;;"S         ";2799
3101;2024-01-25;"01        ";RAIVA CAO - IMPORTADA;;"NF        ";3993
5223;2024-01-26;"01        ";V12 - NACIONAL;;"NF        ";3990
4107;2024-01-27;"02        ";V12 - NACIONAL;REFORÇO;"S         ";1597
2044;2024-01-27;"06        ";V8 - IMPORTADA;;"S         ";4006
4167;2024-01-28;"01        ";RAIVA CAO - IMPORTADA;REFORÇO;"NF        ";1600
5187;2024-01-29;"01        ";V3 GATO - NACIONAL;;"S         ";3987
2019;2024-01-29;"01        ";V8 - IMPORTADA;;"NF        ";3988
5218;2024-01-30;"01        ";V8 - IMPORTADA;;"S         ";3991
2019;2024-01-30;"01        ";V8 - IMPORTADA;;"S         ";3994
3106;2024-01-30;"02        ";V8 - IMPORTADA;REFORÇO;"S         ";4004
4175;2024-02-02;"02        ";V8 - IMPORTADA;BOBY E TIGRAO;"NF        ";1602
3060;2024-02-02;"02        ";V12 - NACIONAL;;"NF        ";3957
2044;2024-02-03;"4         ";V4 GATO - IMPORTADA;6 RAIVA CAO IMPORTADA;"S         ";4007
2044;2024-02-03;"10        ";RAIVA CAO - NACIONAL;4 SAO GATOS;"S         ";4013
2018;2024-02-04;"02        ";RAIVA CAO - IMPORTADA;REFORÇO;"S         ";1604
5187;2024-02-05;"01        ";RAIVA GATO - NACIONAL;;"S         ";4018
4107;2024-02-06;"02        ";RAIVA CAO - NACIONAL;REFORÇO;"S         ";1605
3060;2024-02-06;"01        ";V12 - NACIONAL;LEVAR CARTEIRINHA;"NF        ";1606
3070;2024-02-07;"01        ";RAIVA GATO - NACIONAL;LILICA;"S         ";1608
3103;2024-02-07;"01        ";RAIVA CAO - NACIONAL;;"S         ";4027
4113;2024-02-08;"01        ";RAIVA CAO - NACIONAL;REFORÇO;"NF        ";1611
4144;2024-02-10;"01        ";V12 - NACIONAL;REFORÇO;"NF        ";4026
3105;2024-02-11;"04        ";OUTROS...;VERMIFUGO;"S         ";3927
4166;2024-02-12;"01        ";V12 - NACIONAL;"REFORÇO AMORA ";"S         ";2635
5206;2024-02-12;"01        ";RAIVA CAO - NACIONAL;;"NF        ";3992
2019;2024-02-12;"01        ";V8 - IMPORTADA;;"S         ";4016
5218;2024-02-12;"01        ";RAIVA CAO - IMPORTADA;;"S         ";4020
2030;2024-02-13;"02        ";V8 - IMPORTADA;REFORÇO;"S         ";1613
4175;2024-02-14;"03        ";RAIVA CAO - IMPORTADA;REFORÇO;"NF        ";1614
4131;2024-02-14;"01        ";V12 - NACIONAL;SPAIK;"NF        ";1615
4176;2024-02-14;"01        ";V8 - IMPORTADA;REFORÇO;"NF        ";1616
3101;2024-02-16;"02        ";RAIVA CAO - IMPORTADA;;"NF        ";4000
4177;2024-02-17;"01        ";V3 GATO - NACIONAL;3° DOSE;"NF        ";4015
4143;2024-02-18;"02        ";ANTICION;;"NF        ";2836
5180;2024-02-19;"01        ";V12 - NACIONAL;REFORÇO;"NF        ";2665
2030;2024-02-20;"02        ";RAIVA CAO - IMPORTADA;;"NF        ";1621
4177;2024-02-26;"01        ";RAIVA GATO - NACIONAL;;"S         ";4045
3070;2024-02-29;"01        ";V3 GATO - NACIONAL;;"NF        ";1625
5224;2024-02-29;"7         ";V12 - NACIONAL;REFORÇO;"S         ";4030
3105;2024-03-02;"4         ";OUTROS...;VERMIFUGO JA ESTA PAGO;"S         ";4033
3070;2024-03-07;"01        ";RAIVA GATO - NACIONAL;REFORÇO MAYA;"NF        ";2636
4166;2024-03-08;"01        ";RAIVA CAO - NACIONAL;REFORÇO AMORA;"NF        ";2634
4113;2024-03-08;"01        ";V12 - NACIONAL;;"S         ";4037
4113;2024-03-08;"01        ";RAIVA CAO - NACIONAL;;"S         ";4048
4113;2024-03-08;"01        ";RAIVA CAO - NACIONAL;;"S         ";4050
4116;2024-03-09;"01        ";V12 - NACIONAL;NICK;"NF        ";2706
5225;2024-03-09;"02        ";V12 - NACIONAL;2° DOSE DAS DUAS;"S         ";4043
2019;2024-03-11;"01        ";RAIVA CAO - IMPORTADA;CACHORRO DO FILHO;"NF        ";4036
2030;2024-03-11;"02        ";RAIVA CAO - IMPORTADA;;"NF        ";4042
5221;2024-03-20;"01        ";ANTICION;;"NF        ";3973
3101;2024-03-20;"02        ";RAIVA CAO - NACIONAL;;"NF        ";4038
5180;2024-03-22;"01        ";V12 - NACIONAL;;"NF        ";4040
4169;2024-03-23;"02        ";V12 - NACIONAL;BOBY E BRINQUEDO;"NF        ";2650
4118;2024-03-24;"02        ";V4 GATO - IMPORTADA;;"S         ";2652
4168;2024-03-26;"01        ";ANTICION;;"S         ";3890
5225;2024-03-29;"02        ";V12 - NACIONAL;;"S         ";4057
5224;2024-03-30;"07        ";V12 - NACIONAL;;"S         ";4047
4166;2024-04-02;"01        ";V12 - NACIONAL;REFORÇO;"NF        ";2654
4118;2024-04-02;"02        ";RAIVA GATO - IMPORTADA;REFORÇO;"S         ";2656
4169;2024-04-03;"02        ";RAIVA CAO - NACIONAL;REFORCO BIDU E BRINQUEDO;"NF        ";2659
4169;2024-04-04;"02        ";RAIVA CAO - NACIONAL;BRINQUEDO E BIDU;"NF        ";2660
5180;2024-04-05;"01        ";RAIVA CAO - NACIONAL;REFORÇO;"NF        ";2666
4122;2024-04-08;"05        ";V12 - NACIONAL;01 GATO;"NF        ";2697
3105;2024-04-10;"01        ";V3 GATO - NACIONAL;PANDORA;"S         ";2669
4119;2024-04-10;"01        ";V8 - IMPORTADA;;"NF        ";2690
3098;2024-04-12;"02        ";V8 - IMPORTADA;REFORÇO;"NF        ";2674
5207;2024-04-12;"01        ";ANTICION;;"S         ";3935
4122;2024-04-15;"05        ";RAIVA CAO - NACIONAL;01 GATO;"NF        ";2698
5182;2024-04-17;"04        ";V12 - NACIONAL;REFORÇO;"NF        ";2683
4119;2024-04-17;"01        ";RAIVA CAO - IMPORTADA;;"NF        ";2691
3098;2024-04-18;"02        ";V12 - NACIONAL;;"NF        ";2714
4124;2024-04-19;"02        ";V8 - IMPORTADA;TONI E MEL;"NF        ";2685
3098;2024-04-23;"02        ";RAIVA CAO - IMPORTADA;NEGRAO E AMARELO;"NF        ";2686
4116;2024-04-23;"01        ";V12 - NACIONAL;REFORÇO;"NF        ";2687
4166;2024-04-23;"01        ";RAIVA CAO - NACIONAL;;"NF        ";2693
4177;2024-04-24;"02        ";V8 - IMPORTADA;KIARA E LUA;"NF        ";2708
4119;2024-04-26;"01        ";RAIVA CAO - NACIONAL;;"NF        ";2695
4178;2024-04-27;"01        ";V12 - NACIONAL;;"NF        ";2700
3070;2024-05-01;"01        ";RAIVA CAO - NACIONAL;REFORÇO;"NF        ";2704
4116;2024-05-01;"02        ";RAIVA CAO - NACIONAL;01 THOR 01 NICK;"NF        ";2705
3088;2024-05-02;"01        ";ANTICION;;"S         ";3952
4127;2024-05-03;"02        ";V8 - IMPORTADA;REFORÇO;"NF        ";2707
3098;2024-05-03;"02        ";V12 - NACIONAL;;"NF        ";4072
3082;2024-05-04;"02        ";RAIVA GATO - NACIONAL;;"NF        ";2710
5224;2024-05-04;"7         ";V12 - NACIONAL;;"S         ";4087
4115;2024-05-06;"01        ";V8 - IMPORTADA;;"NF        ";2711
4127;2024-05-06;"02        ";RAIVA CAO - IMPORTADA;;"NF        ";2712
4176;2024-05-06;"01        ";V8 - IMPORTADA;;"NF        ";4051
3070;2024-05-06;"01        ";RAIVA GATO - NACIONAL;;"NF        ";4055
4166;2024-05-06;"02        ";RAIVA CAO - IMPORTADA;;"S         ";4056
2030;2024-05-06;"02        ";RAIVA CAO - NACIONAL;;"NF        ";4059
4124;2024-05-06;"02        ";V8 - IMPORTADA;;"S         ";4073
4123;2024-05-07;"01        ";RAIVA CAO - NACIONAL;;"NF        ";2713
3091;2024-05-08;"01        ";RAIVA CAO - IMPORTADA;;"NF        ";2715
5230;2024-05-08;"01        ";V8 - IMPORTADA;;"S         ";4100
4177;2024-05-09;"01        ";RAIVA CAO - IMPORTADA;;"NF        ";2722
3101;2024-05-09;"02        ";RAIVA CAO - NACIONAL;;"NF        ";4058
5228;2024-05-14;"02        ";V8 - IMPORTADA;;"S         ";4084
5180;2024-05-15;"01        ";RAIVA CAO - NACIONAL;;"S         ";4068
4177;2024-05-15;"02        ";V8 - IMPORTADA;;"S         ";4075
3070;2024-05-16;"01        ";V12 - NACIONAL;1 DOENÇA GARRINCHA GATO;"NF        ";2725
5231;2024-05-16;"01        ";RAIVA CAO - NACIONAL;;"S         ";4110
5186;2024-05-17;"01        ";V8 - IMPORTADA;REFORÇO;"NF        ";2724
4178;2024-05-18;"01        ";RAIVA CAO - NACIONAL;;"NF        ";2726
5227;2024-05-20;"04        ";RAIVA CAO - IMPORTADA;;"NF        ";4063
4119;2024-05-20;"01        ";V8 - IMPORTADA;;"NF        ";4076
4119;2024-05-20;"01        ";V8 - IMPORTADA;;"NF        ";4077
5225;2024-05-20;"02        ";RAIVA CAO - NACIONAL;;"S         ";4095
2030;2024-05-20;"02        ";RAIVA CAO - NACIONAL;;"S         ";4098
4177;2024-05-20;"02        ";RAIVA CAO - IMPORTADA;;"S         ";4105
4178;2024-05-21;"01        ";V12 - NACIONAL;;"NF        ";4101
4179;2024-05-22;"01        ";V12 - NACIONAL;REFORÇO;"NF        ";2728
4172;2024-05-22;"02        ";RAIVA CAO - NACIONAL;;"NF        ";4061
4127;2024-05-22;"02        ";V8 - IMPORTADA;;"NF        ";4102
4169;2024-05-23;"02        ";V12 - NACIONAL;;"S         ";4065
3070;2024-05-24;"01        ";RAIVA GATO - NACIONAL;GARRINCHA;"NF        ";2731
4127;2024-05-24;"02        ";V8 - IMPORTADA;;"NF        ";2736
5182;2024-05-24;"04        ";V12 - NACIONAL;;"NF        ";4071
4142;2024-05-24;"01        ";V4 GATO - IMPORTADA;3 DOSE;"S         ";4090
3102;2024-05-25;"02        ";RAIVA GATO - IMPORTADA;;"S         ";2733
3046;2024-05-27;"02        ";V8 - IMPORTADA;REFORÇO;"NF        ";2739
3098;2024-05-27;"02        ";RAIVA CAO - NACIONAL;;"NF        ";4074
4119;2024-05-27;"01        ";RAIVA CAO - IMPORTADA;;"NF        ";4078
4119;2024-05-27;"01        ";RAIVA CAO - IMPORTADA;;"NF        ";4079
4127;2024-05-27;"02        ";RAIVA CAO - IMPORTADA;;"NF        ";4106
5225;2024-05-27;"02        ";V3 GATO - NACIONAL;LEVAR CARTEIRINHA;"NF        ";4117
5187;2024-05-28;"01        ";RAIVA CAO - NACIONAL;;"S         ";2779
5180;2024-05-29;"01        ";RAIVA CAO - NACIONAL;;"S         ";4069
5230;2024-05-29;"01        ";V8 - IMPORTADA;2 DOSE;"NF        ";4109
4169;2024-05-30;"02        ";RAIVA CAO - NACIONAL;;"NF        ";4066
4169;2024-05-30;"02        ";RAIVA CAO - NACIONAL;;"NF        ";4067
5224;2024-05-30;"7         ";RAIVA CAO - NACIONAL;;"NF        ";4093
3082;2024-05-31;"02        ";RAIVA GATO - NACIONAL;;"NF        ";4103
4127;2024-06-01;"02        ";RAIVA CAO - IMPORTADA;;"NF        ";2744
4179;2024-06-01;"01        ";RAIVA CAO - NACIONAL;;"S         ";2745
5181;2024-06-03;"02        ";RAIVA GATO - NACIONAL;;"S         ";2743
5183;2024-06-05;"02        ";V3 GATO - NACIONAL;;"S         ";2747
5226;2024-06-05;"3         ";ANTICION;;"NF        ";4060
4115;2024-06-05;"01        ";V8 - IMPORTADA;;"NF        ";4104
5186;2024-06-06;"01        ";V8 - IMPORTADA;;"NF        ";4114
4134;2024-06-07;"02        ";V8 - IMPORTADA;;"NF        ";2748
3101;2024-06-07;"02        ";RAIVA CAO - NACIONAL;;"S         ";4121
4119;2024-06-07;"01        ";RAIVA CAO - IMPORTADA;;"NF        ";4122
2035;2024-06-08;"02        ";V12 - NACIONAL;;"NF        ";2746
3049;2024-06-08;"01        ";V8 - IMPORTADA;;"NF        ";2749
4135;2024-06-11;"01        ";V8 - IMPORTADA;;"S         ";2750
4139;2024-06-11;"01        ";V8 - IMPORTADA;;"NF        ";2778
5234;2024-06-13;"01        ";RAIVA CAO - NACIONAL;;"S         ";4132
3105;2024-06-14;"4         ";V3 GATO - NACIONAL;TODOS OS GATOS;"NF        ";4053
4169;2024-06-14;"01        ";ANTICION;;"S         ";4081
5196;2024-06-15;"02        ";ANTICION;;"NF        ";3999
3098;2024-06-19;"02        ";RAIVA CAO - NACIONAL;;"S         ";4141
5189;2024-06-20;"01        ";RAIVA CAO - IMPORTADA;REFORCO;"S         ";2756
4134;2024-06-20;"02        ";RAIVA CAO - IMPORTADA;;"S         ";2757
4143;2024-06-20;"1         ";ANTICION;;"NF        ";4039
3105;2024-06-21;"03        ";RAIVA GATO - NACIONAL;;"NF        ";2762
4179;2024-06-21;"01        ";ANTICION;;"S         ";4008
5181;2024-06-22;"03        ";V3 GATO - NACIONAL;;"S         ";4135
4135;2024-06-25;"01        ";RAIVA CAO - IMPORTADA;;"S         ";2764
5233;2024-06-25;"01        ";V3 GATO - NACIONAL;01 RAIVA;"NF        ";4124
5189;2024-06-26;"01        ";RAIVA CAO - IMPORTADA;;"S         ";2765
5183;2024-06-30;"2         ";RAIVA GATO - NACIONAL;;"S         ";2766
5183;2024-07-01;"2         ";V3 GATO - NACIONAL;2 RAIVA 3 V12;"S         ";4139
5236;2024-07-04;"1         ";V8 - IMPORTADA;2° DOSE;"NF        ";4143
3070;2024-07-05;"04        ";V3 GATO - NACIONAL;;"S         ";5143
5191;2024-07-08;"01        ";V12 - NACIONAL;;"NF        ";2773
4169;2024-07-08;"02        ";RAIVA CAO - NACIONAL;;"S         ";4130
5187;2024-07-10;"01        ";V12 - NACIONAL;;"S         ";2777
3058;2024-07-10;"01        ";V12 - NACIONAL;;"NF        ";2785
4139;2024-07-11;"01        ";V8 - IMPORTADA;;"S         ";5146
4178;2024-07-11;"01        ";V8 - IMPORTADA;01 RAIVA NACIONAL;"S         ";5162
3049;2024-07-12;"01        ";RAIVA CAO - IMPORTADA;;"NF        ";2751
5206;2024-07-12;"01        ";V12 - NACIONAL;LEVAR CARTEIRINHA;"NF        ";5157
5181;2024-07-14;"01        ";V3 GATO - NACIONAL;;"S         ";5160
5192;2024-07-15;"2         ";RAIVA CAO - IMPORTADA;;"NF        ";2780
5184;2024-07-16;"01        ";V12 - NACIONAL;;"NF        ";2781
3105;2024-07-17;"4         ";MEDICAMENTOS;VERMIFUGO;"NF        ";4052
3105;2024-07-18;"04        ";RAIVA GATO - NACIONAL;;"S         ";4144
2035;2024-07-19;"02        ";V12 - NACIONAL;;"NF        ";5159
5224;2024-07-20;"07        ";RAIVA CAO - NACIONAL;;"NF        ";4123
5224;2024-07-20;"7         ";RAIVA CAO - NACIONAL;;"NF        ";4125
5183;2024-07-23;"02        ";V3 GATO - NACIONAL;;"S         ";5168
5184;2024-07-24;"02        ";RAIVA CAO - NACIONAL;;"NF        ";2788
4124;2024-07-25;"02        ";RAIVA CAO - IMPORTADA;;"S         ";2790
3105;2024-07-26;"04        ";V3 GATO - NACIONAL;TODOS OS GATOS;"NF        ";2783
3053;2024-07-26;"01        ";RAIVA CAO - IMPORTADA;;"S         ";2791
5193;2024-07-26;"01        ";V8 - IMPORTADA;;"S         ";2792
6239;2024-07-26;"01        ";RAIVA CAO - IMPORTADA;;"S         ";5181
4147;2024-07-29;"05        ";V12 - NACIONAL;MAIS 12 GATOS;"S         ";2793
4138;2024-07-29;"01        ";V8 - IMPORTADA;;"NF        ";2794
5183;2024-07-29;"02        ";RAIVA GATO - NACIONAL;;"S         ";5190
5207;2024-07-30;"01        ";ANTICION;;"NF        ";4070
5233;2024-07-30;"01        ";RAIVA GATO - NACIONAL;LEVAR CARTEIRINHA;"NF        ";5166
5236;2024-07-30;"01        ";V8 - IMPORTADA;;"NF        ";5170
3046;2024-07-31;"02        ";RAIVA CAO - NACIONAL;;"NF        ";2796
4179;2024-08-01;"01        ";ANTICION;;"S         ";4145
4178;2024-08-01;"01        ";V8 - IMPORTADA;LEMBRAR DO NEX 4/10 KILOS;"S         ";5172
4137;2024-08-03;"01        ";V12 - NACIONAL;;"NF        ";2797
5181;2024-08-03;"01        ";V3 GATO - NACIONAL;;"S         ";5175
5224;2024-08-03;"07        ";RAIVA CAO - NACIONAL;;"S         ";5176
5193;2024-08-05;"01        ";RAIVA CAO - IMPORTADA;;"S         ";2800
6237;2024-08-06;"01        ";V8 - IMPORTADA;AVISAR A GISELE;"S         ";5177
3105;2024-08-06;"04        ";OUTROS...;VERMIFUGO;"NF        ";5180
4168;2024-08-07;"01        ";ANTICION;;"S         ";4080
6238;2024-08-07;"01        ";V8 - IMPORTADA;;"S         ";5178
6243;2024-08-07;"01        ";RAIVA CAO - IMPORTADA;;"NF        ";5210
3067;2024-08-08;"01        ";V12 - NACIONAL;;"S         ";2807
4124;2024-08-08;"02        ";V8 - IMPORTADA;;"S         ";2808
5229;2024-08-08;"8         ";RAIVA CAO - NACIONAL;;"NF        ";4088
4137;2024-08-09;"01        ";RAIVA CAO - NACIONAL;;"NF        ";2809
3069;2024-08-09;"02        ";V12 - NACIONAL;;"NF        ";2812
6243;2024-08-12;"01        ";RAIVA CAO - IMPORTADA;;"S         ";5212
5181;2024-08-13;"01        ";RAIVA GATO - NACIONAL;;"S         ";5206
5236;2024-08-16;"01        ";V8 - IMPORTADA;;"NF        ";5185
6241;2024-08-17;"01        ";V8 - IMPORTADA;;"NF        ";5194
4147;2024-08-20;"16        ";RAIVA CAO - NACIONAL;;"NF        ";2814
5188;2024-08-20;"01        ";V8 - IMPORTADA;;"NF        ";2815
4178;2024-08-21;"01        ";V8 - IMPORTADA;;"S         ";5200
6242;2024-08-21;"01        ";V12 - NACIONAL;;"S         ";5201
3105;2024-08-21;"04        ";OUTROS...;VERMIFUGO;"NF        ";5205
5199;2024-08-23;"01        ";V12 - NACIONAL;REFORÇO;"S         ";2819
5194;2024-08-25;"01        ";RAIVA CAO - IMPORTADA;;"S         ";2822
5199;2024-08-27;"01        ";RAIVA CAO - NACIONAL;;"S         ";2825
5188;2024-08-27;"01        ";RAIVA CAO - IMPORTADA;;"NF        ";2826
4150;2024-08-28;"01        ";V12 - NACIONAL;;"NF        ";2828
6237;2024-08-30;"01        ";V8 - IMPORTADA;LIGAR PARA PATRICIA 994473377;"S         ";5208
3099;2024-09-02;"02        ";V8 - IMPORTADA;;"NF        ";2830
6238;2024-09-02;"01        ";V8 - IMPORTADA;;"NF        ";5213
2022;2024-09-04;"01        ";RAIVA CAO - NACIONAL;;"NF        ";2834
6244;2024-09-04;"02        ";RAIVA GATO - NACIONAL;JA ESTA PAGO;"S         ";5230
5226;2024-09-06;"03        ";ANTICION;;"S         ";4136
4137;2024-09-06;"01        ";V12 - NACIONAL;;"NF        ";5222
4139;2024-09-09;"01        ";RAIVA CAO - IMPORTADA;;"NF        ";2851
5183;2024-09-09;"03        ";V12 - NACIONAL;;"S         ";5196
3073;2024-09-10;"02        ";RAIVA CAO - IMPORTADA;01 É GATO;"NF        ";2846
6242;2024-09-11;"01        ";V12 - NACIONAL;;"NF        ";5224
3067;2024-09-12;"01        ";RAIVA CAO - NACIONAL;;"S         ";2837
4132;2024-09-12;"01        ";V8 - IMPORTADA;;"S         ";5227
4178;2024-09-12;"01        ";RAIVA CAO - IMPORTADA;;"S         ";5228
4139;2024-09-13;"01        ";RAIVA CAO - IMPORTADA;;"NF        ";2841
5202;2024-09-13;"01        ";V8 - IMPORTADA;;"NF        ";2843
5188;2024-09-13;"01        ";V8 - IMPORTADA;;"S         ";5218
4137;2024-09-13;"01        ";RAIVA CAO - NACIONAL;;"NF        ";5223
3069;2024-09-14;"02        ";RAIVA CAO - NACIONAL;;"NF        ";2838
4124;2024-09-14;"02        ";RAIVA CAO - IMPORTADA;;"S         ";2840
4151;2024-09-17;"01        ";V8 - IMPORTADA;;"NF        ";2852
4169;2024-09-17;"01        ";ANTICION;;"S         ";5152
4150;2024-09-19;"01        ";RAIVA CAO - NACIONAL;;"NF        ";2853
6237;2024-09-19;"01        ";V8 - IMPORTADA;;"NF        ";5229
6245;2024-09-19;"01        ";V8 - IMPORTADA;;"NF        ";5232
3074;2024-09-20;"01        ";V12 - NACIONAL;;"S         ";2854
5188;2024-09-20;"01        ";RAIVA CAO - IMPORTADA;;"NF        ";5219
3073;2024-09-21;"02        ";V8 - IMPORTADA;1 GATO DOENÇA IMPORTADA;"S         ";2847
5202;2024-09-22;"01        ";RAIVA CAO - IMPORTADA;;"NF        ";2857
4151;2024-09-24;"01        ";RAIVA CAO - IMPORTADA;;"NF        ";2859
5205;2024-09-25;"01        ";V12 - NACIONAL;;"NF        ";2863
5183;2024-09-25;"03        ";RAIVA CAO - NACIONAL;;"NF        ";5244
6248;2024-09-27;"02        ";V12 - NACIONAL;1° DOSE;"S         ";5246
3073;2024-09-28;"02        ";RAIVA CAO - IMPORTADA;01 É DE GATO;"NF        ";5233
6246;2024-09-30;"02        ";V3 GATO - NACIONAL;;"NF        ";5235
5205;2024-10-02;"01        ";RAIVA CAO - NACIONAL;;"NF        ";2866
5203;2024-10-03;"02        ";V3 GATO - NACIONAL;;"S         ";2872
4132;2024-10-03;"01        ";V8 - IMPORTADA;;"S         ";5238
6237;2024-10-03;"01        ";V8 - IMPORTADA;;"S         ";5254
5208;2024-10-04;"03        ";V3 GATO - NACIONAL;REFORÇO;"NF        ";2871
3088;2024-10-04;"01        ";ANTICION;;"S         ";4099
5188;2024-10-04;"01        ";RAIVA CAO - IMPORTADA;;"S         ";5252
4158;2024-10-08;"02        ";V12 - NACIONAL;;"NF        ";2874
3082;2024-10-09;"02        ";RAIVA GATO - NACIONAL;;"NF        ";2876
5183;2024-10-09;"03        ";RAIVA CAO - NACIONAL;;"S         ";5253
5200;2024-10-10;"02        ";V3 GATO - NACIONAL;;"NF        ";2879
5190;2024-10-10;"01        ";V12 - NACIONAL;;"NF        ";2880
4176;2024-10-10;"01        ";RAIVA CAO - IMPORTADA;;"NF        ";2882
5203;2024-10-10;"02        ";RAIVA GATO - IMPORTADA;;"S         ";2883
6247;2024-10-10;"01        ";V8 - IMPORTADA;;"S         ";5245
4151;2024-10-10;"01        ";RAIVA CAO - IMPORTADA;;"S         ";5251
3079;2024-10-11;"02        ";RAIVA CAO - NACIONAL;;"S         ";3888
5210;2024-10-11;"01        ";V12 - NACIONAL;;"S         ";3891
6251;2024-10-11;"01        ";V8 - IMPORTADA;;"NF        ";5255
3074;2024-10-15;"01        ";RAIVA CAO - NACIONAL;;"S         ";3885
3079;2024-10-16;"02        ";V12 - NACIONAL;;"S         ";3887
3070;2024-10-16;"01        ";V3 GATO - NACIONAL;LILICA;"NF        ";3889
6249;2024-10-16;"01        ";V8 - IMPORTADA;;"S         ";5247
6250;2024-10-16;"02        ";V8 - IMPORTADA;;"S         ";5248
6250;2024-10-16;"          ";;;"S         ";5249
6248;2024-10-17;"02        ";V12 - NACIONAL;;"S         ";5258
5210;2024-10-18;"01        ";RAIVA CAO - NACIONAL;;"S         ";3892
2025;2024-10-18;"01        ";V12 - NACIONAL;;"NF        ";3893
6253;2024-10-18;"02        ";V8 - IMPORTADA;;"S         ";5260
6237;2024-10-22;"01        ";RAIVA CAO - IMPORTADA;;"NF        ";5265
4132;2024-10-24;"01        ";V8 - IMPORTADA;;"S         ";5263
2025;2024-10-25;"01        ";RAIVA CAO - NACIONAL;;"NF        ";3894
5211;2024-10-25;"01        ";V8 - IMPORTADA;;"NF        ";3897
5201;2024-10-26;"01        ";V8 - IMPORTADA;;"NF        ";3898
2018;2024-10-26;"02        ";V8 - IMPORTADA;;"S         ";3900
3073;2024-10-26;"02        ";RAIVA CAO - IMPORTADA;01 GATO;"S         ";5267
5211;2024-10-29;"01        ";RAIVA CAO - IMPORTADA;;"NF        ";3904
5211;2024-10-30;"01        ";RAIVA CAO - IMPORTADA;;"S         ";3901
5209;2024-10-30;"01        ";RAIVA CAO - NACIONAL;;"S         ";3903
6247;2024-11-01;"01        ";V8 - IMPORTADA;;"NF        ";5274
3106;2024-11-05;"01        ";V8 - IMPORTADA;;"NF        ";3908
5201;2024-11-05;"01        ";RAIVA CAO - IMPORTADA;;"NF        ";3911
3059;2024-11-06;"03        ";V12 - NACIONAL;01 GATO RAIVA DA IRMA;"S         ";3910
4159;2024-11-06;"01        ";V12 - NACIONAL;;"NF        ";3914
6253;2024-11-06;"02        ";RAIVA CAO - IMPORTADA;;"NF        ";5283
5208;2024-11-07;"03        ";RAIVA GATO - NACIONAL;;"NF        ";2873
5212;2024-11-07;"03        ";V12 - NACIONAL;;"NF        ";3917
6249;2024-11-07;"01        ";V8 - IMPORTADA;;"S         ";5276
6250;2024-11-07;"02        ";V8 - IMPORTADA;;"NF        ";5277
5214;2024-11-08;"03        ";V8 - IMPORTADA;;"NF        ";3920
5216;2024-11-08;"05        ";V8 - IMPORTADA;;"S         ";3924
6248;2024-11-08;"02        ";V12 - NACIONAL;;"NF        ";5279
4159;2024-11-09;"01        ";RAIVA CAO - NACIONAL;;"NF        ";3921
5212;2024-11-12;"03        ";RAIVA CAO - NACIONAL;;"NF        ";3928
5217;2024-11-13;"01        ";V3 GATO - NACIONAL;;"S         ";3926
5217;2024-11-13;"01        ";V8 - IMPORTADA;REFORÇO;"S         ";3930
4132;2024-11-13;"01        ";RAIVA CAO - IMPORTADA;;"NF        ";5290
3106;2024-11-15;"03        ";RAIVA CAO - IMPORTADA;;"S         ";3931
3092;2024-11-18;"01        ";V8 - IMPORTADA;;"NF        ";3933
3059;2024-11-18;"04        ";RAIVA CAO - NACIONAL;01 DOENÇA GATO DA IRMA;"NF        ";5294
6249;2024-11-19;"01        ";RAIVA CAO - IMPORTADA;;"S         ";5297
3087;2024-11-21;"01        ";V8 - IMPORTADA;;"NF        ";3936
3099;2024-11-22;"01        ";V8 - IMPORTADA;;"NF        ";3939
5219;2024-11-22;"01        ";V8 - IMPORTADA;;"NF        ";3941
5204;2024-11-26;"01        ";V8 - IMPORTADA;REFORÇO;"NF        ";3942
3087;2024-11-27;"01        ";RAIVA CAO - IMPORTADA;;"NF        ";3945
5219;2024-11-27;"01        ";RAIVA CAO - IMPORTADA;;"NF        ";3946
5226;2024-12-06;"3         ";ANTICION;;"S         ";5234
3092;2024-12-10;"01        ";RAIVA CAO - IMPORTADA;;"NF        ";3954
5216;2024-12-10;"05        ";RAIVA CAO - IMPORTADA;;"S         ";5301
6256;2024-12-10;"01        ";V12 - NACIONAL;LEVAR A CARTEIRINHA;"S         ";5302
3060;2024-12-11;"02        ";RAIVA CAO - NACIONAL;;"NF        ";3958
5204;2024-12-11;"01        ";RAIVA CAO - IMPORTADA;;"NF        ";3959
4169;2024-12-11;"01        ";ANTICION;;"NF        ";5239
3106;2024-12-11;"02        ";V8 - IMPORTADA;;"S         ";5304
5207;2024-12-12;"01        ";V12 - NACIONAL;;"NF        ";3961
5220;2024-12-13;"01        ";V8 - IMPORTADA;REFORÇO;"NF        ";3965
5195;2024-12-14;"01        ";V8 - IMPORTADA;01 GATO NACIONAL;"NF        ";3966
3096;2024-12-15;"01        ";V4 GATO - IMPORTADA;REFORÇO;"NF        ";3968
3082;2024-12-17;"02        ";V3 GATO - NACIONAL;;"NF        ";3969
3102;2024-12-17;"01        ";V12 - NACIONAL;;"S         ";3970
5209;2024-12-18;"01        ";V12 - NACIONAL;BOBI DA 13 MAIO;"S         ";3972
3099;2024-12-20;"01        ";RAIVA CAO - IMPORTADA;;"NF        ";3975
5206;2024-12-20;"01        ";V12 - NACIONAL;;"NF        ";3976
2022;2024-12-21;"01        ";V12 - NACIONAL;;"NF        ";3978
3060;2024-12-23;"02        ";RAIVA CAO - NACIONAL;;"S         ";3986
3082;2024-12-25;"02        ";RAIVA GATO - NACIONAL;LEVAR CARTEIRINHA BISCATINHA;"NF        ";3980
5222;2024-12-28;"5         ";V12 - NACIONAL;;"NF        ";3981
4179;2025-01-03;"01        ";ANTICION;;"S         ";5202
4168;2025-01-03;"01        ";ANTICION;;"S         ";5204
6256;2025-01-03;"01        ";V12 - NACIONAL;;"S         ";5307
4138;2025-01-06;"01        ";RAIVA CAO - IMPORTADA;;"NF        ";3989
3096;2025-01-07;"01        ";RAIVA GATO - IMPORTADA;;"NF        ";3982
3102;2025-01-07;"01        ";RAIVA CAO - NACIONAL;;"S         ";3983
5207;2025-01-07;"01        ";RAIVA CAO - NACIONAL;;"NF        ";3985
3101;2025-01-09;"02        ";V8 - IMPORTADA;;"NF        ";3995
3102;2025-01-09;"02        ";V3 GATO - NACIONAL;;"S         ";3996
3069;2025-01-09;"01        ";RAIVA GATO - NACIONAL;;"NF        ";3997
4170;2025-01-11;"03        ";V12 - NACIONAL;;"S         ";3998
5215;2025-01-12;"01        ";V8 - IMPORTADA;;"NF        ";4001
5195;2025-01-12;"01        ";RAIVA CAO - NACIONAL;01 RAIVA GATO NACIONAL;"NF        ";4003
4170;2025-01-15;"3         ";RAIVA CAO - NACIONAL;;"S         ";4005
3087;2025-01-15;"01        ";RAIVA CAO - IMPORTADA;;"S         ";5322
3096;2025-01-17;"01        ";V3 GATO - NACIONAL;;"S         ";5320
5215;2025-01-18;"01        ";RAIVA CAO - IMPORTADA;;"NF        ";4009
3106;2025-01-21;"02        ";V8 - IMPORTADA;LEVAR 2 CARTEIRINHAS;"S         ";4010
5204;2025-01-22;"01        ";RAIVA CAO - IMPORTADA;;"S         ";5327
3102;2025-01-23;"01        ";V8 - IMPORTADA;;"S         ";5311
3103;2025-01-24;"01        ";V12 - NACIONAL;REFORÇO;"NF        ";4011
6256;2025-01-24;"01        ";V12 - NACIONAL;;"S         ";5317
3096;2025-01-24;"01        ";RAIVA GATO - IMPORTADA;;"NF        ";5321
4107;2025-01-25;"02        ";V12 - NACIONAL;;"S         ";4012
2044;2025-01-27;"6         ";V8 - IMPORTADA;4 VACINA GATO IMPORTADA;"NF        ";4014
5187;2025-01-28;"01        ";V3 GATO - NACIONAL;;"S         ";4017
5218;2025-01-30;"01        ";V8 - IMPORTADA;REFORÇO;"NF        ";4019
6256;2025-01-31;"01        ";RAIVA CAO - NACIONAL;;"S         ";6335
6259;2025-02-03;"01        ";V3 GATO - NACIONAL;;"S         ";6336
2044;2025-02-04;"10        ";RAIVA CAO - IMPORTADA;4 SÃO GATOS;"NF        ";4021
2018;2025-02-04;"02        ";RAIVA CAO - IMPORTADA;;"S         ";4022
5187;2025-02-04;"01        ";RAIVA GATO - NACIONAL;;"S         ";4023
3070;2025-02-05;"02        ";V3 GATO - NACIONAL;;"NF        ";4024
3070;2025-02-05;"01        ";RAIVA CAO - NACIONAL;LUNA;"NF        ";4025
4107;2025-02-05;"02        ";RAIVA CAO - NACIONAL;;"S         ";4028
3103;2025-02-06;"01        ";RAIVA CAO - NACIONAL;;"NF        ";4029
6248;2025-02-10;"01        ";ANTICION;;"NF        ";5259
4166;2025-02-13;"02        ";V12 - NACIONAL;REFORÇO;"S         ";4031
3102;2025-02-13;"01        ";V8 - IMPORTADA;;"S         ";6332
5183;2025-02-13;"01        ";V3 GATO - NACIONAL;;"S         ";6333
2019;2025-02-15;"01        ";V8 - IMPORTADA;VALERIA FILHA;"NF        ";4032
5218;2025-02-16;"01        ";RAIVA CAO - IMPORTADA;;"NF        ";4034
2019;2025-02-16;"01        ";V8 - IMPORTADA;CACHORRO DO FILHO;"NF        ";4035
2030;2025-02-18;"02        ";V8 - IMPORTADA;;"NF        ";4041
3102;2025-02-19;"01        ";RAIVA CAO - IMPORTADA;;"S         ";6349
4177;2025-02-21;"01        ";V3 GATO - NACIONAL;;"S         ";4044
6259;2025-02-24;"01        ";V3 GATO - NACIONAL;;"S         ";6340
6246;2025-02-28;"01        ";V8 - IMPORTADA;VIRGOLINO DE OLIVEIRA 625;"S         ";6346
4177;2025-03-01;"01        ";RAIVA GATO - IMPORTADA;;"S         ";4046
4113;2025-03-04;"01        ";V12 - NACIONAL;;"NF        ";4049
5226;2025-03-06;"03        ";ANTICION;;"S         ";5306
6261;2025-03-06;"02        ";RAIVA CAO - IMPORTADA;LEVAR CARTEIRINHAS;"NF        ";6353
5183;2025-03-07;"01        ";V3 GATO - NACIONAL;;"S         ";6347
6262;2025-03-07;"03        ";RAIVA CAO - NACIONAL;;"S         ";6360
4113;2025-03-08;"01        ";RAIVA CAO - NACIONAL;;"NF        ";4054
2030;2025-03-10;"02        ";V8 - IMPORTADA;;"S         ";6351
5227;2025-03-12;"04        ";V8 - IMPORTADA;;"NF        ";4064
3088;2025-03-13;"01        ";ANTICION;;"NF        ";5270
5194;2025-03-14;"01        ";RAIVA CAO - IMPORTADA;;"S         ";4062
5183;2025-03-17;"01        ";RAIVA GATO - NACIONAL;;"S         ";6363
6246;2025-03-21;"01        ";V8 - IMPORTADA;;"S         ";6356
4118;2025-03-22;"02        ";V4 GATO - IMPORTADA;;"S         ";4082
2019;2025-03-22;"01        ";RAIVA CAO - IMPORTADA;FILHO;"NF        ";4083
4176;2025-03-24;"01        ";V8 - IMPORTADA;;"NF        ";4107
6259;2025-03-24;"01        ";V3 GATO - NACIONAL;;"S         ";6358
7263;2025-03-25;"01        ";RAIVA CAO - IMPORTADA;;"S         ";7367
5228;2025-03-26;"02        ";RAIVA CAO - IMPORTADA;;"NF        ";4085
4118;2025-04-02;"02        ";V4 GATO - IMPORTADA;;"S         ";4086
5229;2025-05-02;"8         ";V12 - NACIONAL;;"NF        ";4089
5206;2025-05-03;"01        ";RAIVA CAO - NACIONAL;REFORÇO;"NF        ";4091
4177;2025-05-05;"02        ";V8 - IMPORTADA;;"NF        ";4097
5224;2025-05-06;"7         ";V12 - NACIONAL;REFORÇO;"S         ";4092
5225;2025-05-06;"02        ";V12 - NACIONAL;;"NF        ";4094
4124;2025-05-06;"02        ";V8 - IMPORTADA;;"S         ";4096
4166;2025-05-07;"02        ";RAIVA CAO - IMPORTADA;;"S         ";4108
5231;2025-05-09;"01        ";V12 - NACIONAL;;"S         ";4111
4177;2025-05-10;"03        ";V8 - IMPORTADA;;"S         ";7375
5228;2025-05-16;"03        ";V8 - IMPORTADA;REFORÇO;"NF        ";4112
5231;2025-05-16;"01        ";RAIVA CAO - NACIONAL;;"NF        ";4113
2030;2025-05-20;"02        ";RAIVA CAO - IMPORTADA;;"S         ";4115
5225;2025-05-20;"04        ";RAIVA CAO - IMPORTADA;SENDO 2 GATO;"NF        ";4116
7265;2025-05-20;"01        ";ANTICION;;"S         ";7373
4177;2025-05-21;"02        ";RAIVA CAO - IMPORTADA;;"NF        ";4118
5232;2025-05-22;"01        ";RAIVA CAO - IMPORTADA;;"NF        ";4119
4142;2025-05-24;"01        ";V4 GATO - IMPORTADA;;"NF        ";4120
6258;2025-05-26;"01        ";ANTICION;;"S         ";5314
7267;2025-05-27;"01        ";V4 GATO - IMPORTADA;01 DOENÇA CÂO;"S         ";7383
5226;2025-05-28;"02        ";ANTICION;;"S         ";7362
4179;2025-06-03;"01        ";RAIVA CAO - NACIONAL;;"NF        ";4126
4169;2025-06-04;"02        ";V12 - NACIONAL;;"S         ";4127
3102;2025-06-04;"02        ";RAIVA GATO - IMPORTADA;;"S         ";4128
5187;2025-06-04;"01        ";RAIVA CAO - NACIONAL;;"NF        ";4129
5234;2025-06-06;"01        ";V12 - NACIONAL;;"NF        ";4131
4168;2025-06-07;"01        ";ANTICION;;"S         ";5318
4177;2025-06-07;"01        ";V8 - IMPORTADA;2 RAIVA;"S         ";7379
3101;2025-06-08;"02        ";RAIVA CAO - NACIONAL;;"NF        ";4133
5181;2025-06-10;"03        ";RAIVA GATO - NACIONAL;;"S         ";4134
6236;2025-06-10;"01        ";V8 - IMPORTADA;;"NF        ";5147
6236;2025-06-10;"01        ";V3 GATO - NACIONAL;E DE GATO CANCELAR A DE CACHORRO;"NF        ";5149
4169;2025-06-10;"02        ";RAIVA CAO - NACIONAL;;"S         ";7388
5235;2025-06-11;"03        ";V12 - NACIONAL;01 GATO NACIONAL;"NF        ";4137
5180;2025-06-11;"01        ";RAIVA CAO - NACIONAL;;"NF        ";4138
5183;2025-06-11;"02        ";V3 GATO - NACIONAL;;"S         ";4140
4113;2025-06-11;"01        ";RAIVA CAO - NACIONAL;;"S         ";7391
3098;2025-06-12;"02        ";V12 - NACIONAL;;"S         ";4142
3070;2025-06-13;"04        ";RAIVA GATO - NACIONAL;;"NF        ";5144
5186;2025-06-14;"01        ";V8 - IMPORTADA;;"NF        ";5145
6236;2025-06-17;"01        ";RAIVA GATO - NACIONAL;;"NF        ";5148
4134;2025-06-17;"01        ";V8 - IMPORTADA;;"NF        ";5150
5189;2025-06-19;"01        ";RAIVA CAO - IMPORTADA;;"NF        ";5151
4135;2025-06-19;"01        ";V8 - IMPORTADA;;"NF        ";5153
3046;2025-06-20;"02        ";V12 - NACIONAL;;"S         ";5158
4178;2025-06-20;"01        ";V12 - NACIONAL;;"NF        ";5163
5234;2025-06-21;"01        ";RAIVA CAO - NACIONAL;;"NF        ";5154
3098;2025-06-21;"02        ";RAIVA CAO - NACIONAL;;"S         ";5155
4134;2025-06-21;"01        ";RAIVA CAO - IMPORTADA;;"NF        ";5156
5181;2025-06-21;"03        ";V3 GATO - NACIONAL;;"S         ";5161
7268;2025-06-21;"06        ";V8 - IMPORTADA;JA ESTA PAGO;"S         ";7404
4178;2025-06-23;"01        ";RAIVA CAO - NACIONAL;;"NF        ";5164
4135;2025-06-26;"01        ";RAIVA CAO - IMPORTADA;LEVAR CARTEIRINHA;"NF        ";5165
3099;2025-06-26;"01        ";RAIVA CAO - IMPORTADA;"01 V8 ";"NF        ";7395
5183;2025-07-02;"02        ";RAIVA GATO - NACIONAL;;"NF        ";5167
5189;2025-07-04;"01        ";V8 - IMPORTADA;;"NF        ";5169
5181;2025-07-04;"01        ";V3 GATO - NACIONAL;VACINA DA LUA;"S         ";7400
4177;2025-07-04;"01        ";V8 - IMPORTADA;;"S         ";7401
3070;2025-07-05;"04        ";V3 GATO - NACIONAL;LEVAR CARTEIRINHAS;"NF        ";5171
3070;2025-07-07;"04        ";V3 GATO - NACIONAL;TODOS OS GATOS;"NF        ";6342
6261;2025-07-07;"01        ";V8 - IMPORTADA;NA CHACARA;"NF        ";7403
5187;2025-07-08;"01        ";RAIVA CAO - NACIONAL;;"NF        ";7407
5183;2025-07-10;"01        ";ANTICION;GATINHA DA SILVANA FILHOTE;"S         ";7397
5187;2025-07-10;"01        ";V12 - NACIONAL;;"S         ";7412
5189;2025-07-11;"1         ";V8 - IMPORTADA;;"S         ";7415
4139;2025-07-12;"01        ";V8 - IMPORTADA;;"NF        ";5173
5187;2025-07-12;"01        ";V12 - NACIONAL;;"NF        ";5174
6240;2025-07-15;"03        ";V12 - NACIONAL;01 RONVAC;"NF        ";5186
5206;2025-07-15;"02        ";V12 - NACIONAL;01 ANTICION MAYA;"S         ";7410
3105;2025-07-17;"03        ";V3 GATO - NACIONAL;PG;"S         ";7429
3105;2025-07-18;"04        ";RAIVA GATO - NACIONAL;;"NF        ";5179
4169;2025-07-18;"02        ";RAIVA CAO - NACIONAL;;"S         ";5183
6240;2025-07-22;"03        ";RAIVA CAO - NACIONAL;01 RAIVA GATO;"NF        ";5187
7271;2025-07-22;"02        ";RAIVA CAO - IMPORTADA;;"S         ";7427
3105;2025-07-22;"03        ";RAIVA GATO - NACIONAL;PG;"S         ";7430
5184;2025-07-23;"02        ";V12 - NACIONAL;;"NF        ";5188
5180;2025-07-23;"01        ";V8 - IMPORTADA;;"S         ";7414
5183;2025-07-24;"02        ";V3 GATO - NACIONAL;;"S         ";5189
6239;2025-07-24;"01        ";RAIVA CAO - IMPORTADA;;"NF        ";5191
6239;2025-07-25;"01        ";V8 - IMPORTADA;;"NF        ";5182
4147;2025-07-26;"12        ";V3 GATO - NACIONAL;5 V12 CACHORRO;"NF        ";5184
4124;2025-07-26;"02        ";RAIVA CAO - IMPORTADA;;"S         ";5192
5193;2025-07-27;"01        ";V8 - IMPORTADA;;"S         ";5193
7269;2025-07-28;"01        ";V8 - IMPORTADA;;"S         ";7418
5181;2025-07-28;"01        ";V3 GATO - NACIONAL;;"S         ";7419
7272;2025-07-28;"01        ";RAIVA CAO - IMPORTADA;APOS AS 10:30;"S         ";7439
5183;2025-07-29;"02        ";RAIVA GATO - NACIONAL;;"S         ";5195
5184;2025-07-29;"02        ";RAIVA CAO - NACIONAL;;"NF        ";5197
7270;2025-07-29;"01        ";V12 - NACIONAL;;"NF        ";7421
3105;2025-07-29;"03        ";OUTROS...;VEMIRFUGO;"S         ";7431
3053;2025-07-31;"01        ";RAIVA CAO - IMPORTADA;;"NF        ";5198
5224;2025-07-31;"07        ";RAIVA CAO - NACIONAL;;"NF        ";5199
3105;2025-07-31;"03        ";MEDICAMENTOS;DOSE VERMIFUGO 7,5 PG;"S         ";7435
3099;2025-08-05;"01        ";RAIVA CAO - IMPORTADA;;"S         ";7422
5183;2025-08-05;"02        ";V3 GATO - NACIONAL;;"NF        ";7423
5193;2025-08-06;"01        ";RAIVA CAO - IMPORTADA;;"S         ";5203
5181;2025-08-06;"03        ";RAIVA GATO - NACIONAL;;"S         ";7441
5181;2025-08-07;"01        ";V3 GATO - NACIONAL;;"NF        ";5207
3067;2025-08-07;"01        ";V12 - NACIONAL;;"NF        ";5209
6243;2025-08-07;"01        ";V8 - IMPORTADA;;"NF        ";5211
4124;2025-08-12;"02        ";V8 - IMPORTADA;;"S         ";5214
6243;2025-08-12;"01        ";RAIVA CAO - IMPORTADA;;"NF        ";5215
3070;2025-08-12;"04        ";V3 GATO - NACIONAL;;"NF        ";7424
5183;2025-08-12;"02        ";RAIVA GATO - NACIONAL;NANDO/ANINHA;"S         ";8448
5183;2025-08-12;"01        ";ANTICION;AGATA;"S         ";8449
5181;2025-08-13;"01        ";RAIVA GATO - NACIONAL;;"NF        ";5216
5226;2025-08-13;"02        ";ANTICION;;"S         ";7386
5206;2025-08-13;"02        ";V12 - NACIONAL;;"S         ";7434
3046;2025-08-15;"02        ";RAIVA CAO - NACIONAL;;"NF        ";5217
5180;2025-08-15;"01        ";V8 - IMPORTADA;;"S         ";7438
5199;2025-08-16;"01        ";V12 - NACIONAL;;"S         ";5220
5199;2025-08-19;"01        ";RAIVA CAO - NACIONAL;;"S         ";5221
7269;2025-08-19;"01        ";V8 - IMPORTADA;;"S         ";7444
7273;2025-08-19;"01        ";V8 - IMPORTADA;;"S         ";7445
5184;2025-08-19;"01        ";RAIVA CAO - NACIONAL;;"NF        ";8456
5194;2025-08-22;"01        ";RAIVA CAO - IMPORTADA;;"NF        ";5225
4178;2025-08-26;"01        ";V8 - IMPORTADA;;"NF        ";5226
6244;2025-08-30;"02        ";V3 GATO - NACIONAL;;"NF        ";5231
7269;2025-09-09;"01        ";RAIVA CAO - IMPORTADA;;"S         ";8465
7273;2025-09-09;"01        ";RAIVA CAO - IMPORTADA;;"S         ";8467
5188;2025-09-10;"01        ";V8 - IMPORTADA;;"S         ";5236
8276;2025-09-10;"01        ";V8 - IMPORTADA;;"S         ";8468
5180;2025-09-10;"01        ";V8 - IMPORTADA;;"S         ";8469
3067;2025-09-11;"01        ";RAIVA CAO - NACIONAL;;"NF        ";5237
6244;2025-09-14;"02        ";RAIVA GATO - NACIONAL;;"NF        ";5240
8277;2025-09-15;"01        ";V8 - IMPORTADA;;"S         ";8470
4124;2025-09-16;"02        ";RAIVA CAO - IMPORTADA;;"S         ";5241
4178;2025-09-17;"01        ";;;"NF        ";5242
5183;2025-09-18;"03        ";V12 - NACIONAL;;"S         ";5243
4163;2025-09-18;"02        ";RAIVA CAO - IMPORTADA;;"NF        ";8479
8276;2025-09-18;"01        ";RAIVA CAO - IMPORTADA;;"S         ";8481
5183;2025-09-18;"03        ";V12 - NACIONAL;;"S         ";9479
8278;2025-09-22;"02        ";V12 - NACIONAL;;"S         ";8471
5206;2025-09-23;"02        ";V12 - NACIONAL;01 RAIVA;"NF        ";8472
8279;2025-09-23;"01        ";V8 - IMPORTADA;;"S         ";8473
8280;2025-09-23;"01        ";V8 - IMPORTADA;;"S         ";8474
3074;2025-09-25;"01        ";V12 - NACIONAL;;"S         ";5250
6251;2025-09-26;"01        ";RAIVA CAO - IMPORTADA;;"NF        ";5256
6252;2025-09-26;"01        ";RAIVA CAO - NACIONAL;;"NF        ";5257
6254;2025-09-27;"04        ";V8 - IMPORTADA;;"NF        ";5287
5180;2025-09-30;"01        ";RAIVA CAO - IMPORTADA;;"S         ";10489
5183;2025-10-02;"03        ";RAIVA CAO - NACIONAL;;"S         ";5261
5206;2025-10-02;"02        ";V12 - NACIONAL;01 RAIVA;"NF        ";10492
5203;2025-10-03;"02        ";V3 GATO - NACIONAL;;"NF        ";5262
6237;2025-10-04;"01        ";V8 - IMPORTADA;;"NF        ";5264
3073;2025-10-06;"02        ";V8 - IMPORTADA;01 GATO;"S         ";5266
5183;2025-10-06;"01        ";ANTICION;VACINA DA FILHOTE;"NF        ";7420
8277;2025-10-06;"01        ";V8 - IMPORTADA;;"NF        ";9482
8282;2025-10-07;"01        ";V8 - IMPORTADA;;"NF        ";9484
5188;2025-10-08;"01        ";RAIVA CAO - IMPORTADA;;"NF        ";5268
3079;2025-10-08;"02        ";RAIVA CAO - NACIONAL;;"S         ";5269
8283;2025-10-08;"01        ";V8 - IMPORTADA;;"NF        ";9486
5210;2025-10-09;"01        ";V12 - NACIONAL;;"S         ";5271
4151;2025-10-10;"01        ";RAIVA CAO - IMPORTADA;;"NF        ";5272
5203;2025-10-11;"02        ";RAIVA GATO - NACIONAL;;"NF        ";5273
4158;2025-10-14;"02        ";V12 - NACIONAL;;"NF        ";5275
8278;2025-10-14;"02        ";V12 - NACIONAL;;"S         ";10488
8280;2025-10-14;"01        ";V8 - IMPORTADA;;"S         ";10491
3079;2025-10-17;"02        ";V12 - NACIONAL;;"S         ";5278
3074;2025-10-18;"01        ";RAIVA CAO - NACIONAL;;"S         ";5280
5210;2025-10-18;"01        ";RAIVA CAO - NACIONAL;;"S         ";5281
6253;2025-10-21;"02        ";V8 - IMPORTADA;;"NF        ";5282
6258;2025-10-21;"01        ";ANTICION;;"S         ";7381
8278;2025-10-21;"02        ";RAIVA CAO - NACIONAL;;"S         ";10501
8280;2025-10-21;"01        ";RAIVA CAO - IMPORTADA;;"S         ";10503
7265;2025-10-22;"1         ";ANTICION;;"S         ";7382
8279;2025-10-22;"01        ";V8 - IMPORTADA;;"S         ";10493
5202;2025-10-24;"01        ";V8 - IMPORTADA;;"NF        ";5284
2018;2025-10-28;"02        ";V8 - IMPORTADA;;"S         ";5285
3073;2025-10-28;"02        ";RAIVA CAO - IMPORTADA;01 É GATO;"S         ";5286
6254;2025-10-28;"04        ";RAIVA CAO - IMPORTADA;;"NF        ";5288
4132;2025-10-30;"01        ";V8 - IMPORTADA;;"NF        ";5289
5209;2025-10-30;"01        ";RAIVA CAO - NACIONAL;;"S         ";5291
8279;2025-10-30;"01        ";RAIVA CAO - IMPORTADA;;"S         ";10513
5192;2025-11-05;"02        ";V8 - IMPORTADA;;"NF        ";5292
5211;2025-11-05;"01        ";RAIVA CAO - IMPORTADA;;"S         ";5293
5183;2025-11-06;"01        ";ANTICION;;"S         ";10498
4168;2025-11-08;"01        ";ANTICION;;"S         ";7394
5226;2025-11-08;"01        ";ANTICION;;"NF        ";8462
3059;2025-11-11;"04        ";V12 - NACIONAL;01 GATO RAIVA DA IRMA;"NF        ";5295
5183;2025-11-11;"01        ";ANTICION;AGATA;"NF        ";8457
6249;2025-11-12;"01        ";V8 - IMPORTADA;;"S         ";5296
6255;2025-11-17;"02        ";RAIVA CAO - NACIONAL;01 E GATO;"S         ";10524
6255;2025-11-18;"01        ";V3 GATO - NACIONAL;;"S         ";5298
3067;2025-11-18;"01        ";RAIVA CAO - NACIONAL;;"S         ";10526
5202;2025-11-18;"01        ";RAIVA CAO - IMPORTADA;;"S         ";10528
5216;2025-11-19;"5         ";V8 - IMPORTADA;;"NF        ";5299
5216;2025-11-19;"          ";;;"NF        ";5300
8286;2025-11-19;"01        ";OUTROS...;VERMIFUGO;"S         ";10519
5211;2025-11-19;"01        ";V12 - NACIONAL;;"S         ";10530
4168;2025-11-19;"01        ";V12 - NACIONAL;;"S         ";10533
8288;2025-11-19;"01        ";RAIVA CAO - IMPORTADA;;"S         ";10535
8289;2025-11-19;"02        ";RAIVA CAO - IMPORTADA;;"NF        ";10536
3106;2025-11-21;"02        ";RAIVA CAO - IMPORTADA;;"S         ";5303
6249;2025-11-21;"01        ";RAIVA CAO - IMPORTADA;;"S         ";5305
3070;2025-11-21;"01        ";OUTROS...;VERMIFUGO;"NF        ";10523
3106;2025-12-02;"01        ";V8 - IMPORTADA;;"S         ";10527
8287;2025-12-02;"01        ";V8 - IMPORTADA;01 CANIGEM;"S         ";10529
8292;2025-12-03;"02        ";RAIVA CAO - NACIONAL;;"NF        ";10547
5183;2025-12-10;"01        ";ANTICION;;"S         ";9480
8291;2025-12-10;"01        ";V12 - NACIONAL;;"NF        ";10544
5216;2025-12-10;"5         ";V8 - IMPORTADA;;"S         ";10545
6257;2025-12-13;"03        ";V12 - NACIONAL;;"S         ";5308
3106;2025-12-17;"02        ";V8 - IMPORTADA;;"S         ";5309
3102;2025-12-17;"01        ";V12 - NACIONAL;SUZI;"S         ";5313
3060;2025-12-19;"02        ";RAIVA CAO - NACIONAL;;"NF        ";5310
8287;2025-12-26;"01        ";V8 - IMPORTADA;;"S         ";10549
5209;2025-12-29;"01        ";V12 - NACIONAL;;"S         ";5315
3060;2025-12-29;"02        ";RAIVA CAO - NACIONAL;;"NF        ";5316
3106;2025-12-29;"01        ";V8 - IMPORTADA;;"S         ";10551
3102;2026-01-02;"01        ";RAIVA CAO - NACIONAL;SUZI;"S         ";5312
3106;2026-01-03;"02        ";V8 - IMPORTADA;;"NF        ";5319
8293;2026-01-05;"01        ";V12 - NACIONAL;ENTRAR EM CONTATO/ PARA AGENDAR HORARIO;"S         ";10562
3087;2026-01-10;"01        ";V8 - IMPORTADA;;"S         ";5323
8296;2026-01-10;"2         ";V3 GATO - NACIONAL;;"S         ";10564
8295;2026-01-10;"1         ";V12 - NACIONAL;;"S         ";10565
5216;2026-01-11;"5         ";RAIVA GATO - IMPORTADA;;"N         ";5324
4139;2026-01-12;"01        ";RAIVA CAO - IMPORTADA;;"NF        ";5325
4170;2026-01-13;"3         ";V12 - NACIONAL;;"S         ";5326
8294;2026-01-13;"1         ";RAIVA CAO - IMPORTADA;;"S         ";10563
5204;2026-01-14;"01        ";V8 - IMPORTADA;;"S         ";5328
3102;2026-01-15;"02        ";V3 GATO - NACIONAL;;"S         ";5329
3096;2026-01-15;"01        ";V3 GATO - NACIONAL;;"NF        ";5330
8295;2026-01-17;"1         ";RAIVA CAO - NACIONAL;;"S         ";10566
8296;2026-01-17;"2         ";RAIVA GATO - NACIONAL;;"S         ";10567
3106;2026-01-19;"01        ";V8 - IMPORTADA;APOS AS 18:00;"N         ";10561
4170;2026-01-20;"03        ";RAIVA CAO - NACIONAL;;"S         ";5331
3087;2026-01-22;"01        ";RAIVA CAO - IMPORTADA;;"NF        ";6331
6256;2026-01-24;"01        ";V12 - NACIONAL;;"NF        ";6334
6259;2026-01-27;"01        ";RAIVA GATO - IMPORTADA;;"N         ";6337
4107;2026-01-28;"02        ";V12 - NACIONAL;;"N         ";6338
3105;2026-02-02;"03        ";OUTROS...;VERMIFUGOS;"N         ";8451
5187;2026-02-03;"01        ";V3 GATO - NACIONAL;;"N         ";6339
2018;2026-02-04;"02        ";RAIVA CAO - IMPORTADA;;"N         ";6341
8286;2026-02-05;"02        ";V3 GATO - NACIONAL;;"N         ";10541
5204;2026-02-06;"01        ";RAIVA CAO - IMPORTADA;;"N         ";6343
6256;2026-02-06;"01        ";RAIVA CAO - NACIONAL;;"N         ";6344
5183;2026-02-06;"01        ";ANTICION;;"N         ";10521
4107;2026-02-07;"02        ";RAIVA CAO - NACIONAL;;"N         ";6345
3102;2026-02-14;"01        ";V8 - IMPORTADA;;"N         ";6348
6260;2026-02-15;"01        ";RAIVA CAO - IMPORTADA;;"N         ";6350
3102;2026-02-19;"01        ";RAIVA CAO - IMPORTADA;;"N         ";6352
6261;2026-02-26;"02        ";V8 - IMPORTADA;;"N         ";6354
4177;2026-02-27;"01        ";V3 GATO - NACIONAL;;"N         ";6355
4166;2026-03-03;"02        ";V8 - IMPORTADA;;"N         ";6357
5187;2026-03-05;"01        ";RAIVA GATO - NACIONAL;;"N         ";6359
6262;2026-03-06;"03        ";V12 - NACIONAL;;"N         ";6361
5183;2026-03-09;"01        ";ANTICION;;"N         ";10552
5183;2026-03-10;"01        ";V3 GATO - NACIONAL;;"N         ";6362
6263;2026-03-10;"01        ";V8 - IMPORTADA;;"N         ";6364
6262;2026-03-12;"03        ";RAIVA CAO - NACIONAL;LEVAR 2 CARTEIRINHA;"N         ";7363
5194;2026-03-17;"01        ";RAIVA CAO - IMPORTADA;;"N         ";7364
5183;2026-03-17;"01        ";RAIVA GATO - NACIONAL;;"N         ";7365
2030;2026-03-17;"02        ";V8 - IMPORTADA;;"N         ";7366
7263;2026-03-18;"01        ";V8 - IMPORTADA;;"N         ";7368
7265;2026-03-20;"01        ";ANTICION;;"N         ";10506
4177;2026-03-24;"01        ";RAIVA GATO - NACIONAL;;"N         ";7369
4118;2026-03-24;"02        ";V3 GATO - NACIONAL;;"N         ";7370
6259;2026-03-24;"01        ";V3 GATO - NACIONAL;;"N         ";7371
7263;2026-03-25;"01        ";RAIVA CAO - IMPORTADA;;"N         ";7372
4118;2026-03-25;"02        ";V3 GATO - NACIONAL;;"N         ";7374
6258;2026-03-25;"01        ";ANTICION;;"N         ";10507
4168;2026-04-16;"01        ";ANTICION;;"N         ";10532
7266;2026-05-01;"7         ";V12 - NACIONAL;;"N         ";7377
5224;2026-05-05;"7         ";V12 - NACIONAL;;"N         ";7376
4124;2026-05-08;"02        ";V8 - IMPORTADA;;"N         ";7378
5231;2026-05-19;"01        ";V12 - NACIONAL;;"N         ";7380
2030;2026-05-26;"02        ";RAIVA CAO - IMPORTADA;;"N         ";7384
7267;2026-05-27;"01        ";RAIVA GATO - IMPORTADA;01 V12;"N         ";7385
4169;2026-06-02;"02        ";V12 - NACIONAL;;"N         ";7389
4166;2026-06-03;"02        ";RAIVA CAO - IMPORTADA;;"N         ";7387
4169;2026-06-03;"02        ";V12 - NACIONAL;;"N         ";7390
4113;2026-06-03;"01        ";V12 - NACIONAL;;"N         ";7392
3102;2026-06-05;"02        ";RAIVA GATO - IMPORTADA;;"N         ";7393
4113;2026-06-12;"01        ";RAIVA CAO - NACIONAL;;"N         ";7396
4177;2026-06-12;"02        ";RAIVA CAO - IMPORTADA;;"N         ";7402
5183;2026-06-13;"02        ";V3 GATO - NACIONAL;AQUILA E NANDO;"N         ";7398
5181;2026-06-13;"02        ";V3 GATO - NACIONAL;;"N         ";7399
3046;2026-06-17;"02        ";RAIVA CAO - NACIONAL;;"N         ";7405
4169;2026-06-18;"02        ";RAIVA CAO - NACIONAL;;"N         ";7406
7268;2026-06-23;"06        ";V8 - IMPORTADA;;"N         ";7408
5181;2026-06-23;"03        ";V3 GATO - NACIONAL;;"N         ";7409
3098;2026-07-01;"02        ";V8 - IMPORTADA;;"N         ";7411
5187;2026-07-01;"01        ";RAIVA CAO - NACIONAL;;"N         ";7413
5189;2026-07-04;"1         ";RAIVA CAO - IMPORTADA;;"N         ";7416
3098;2026-07-07;"02        ";RAIVA CAO - IMPORTADA;;"N         ";7417
7271;2026-07-14;"02        ";V8 - IMPORTADA;;"N         ";7428
4177;2026-07-15;"01        ";V8 - IMPORTADA;;"N         ";7425
5189;2026-07-15;"01        ";V8 - IMPORTADA;;"N         ";7426
5187;2026-07-16;"01        ";V12 - NACIONAL;;"N         ";7432
3105;2026-07-18;"03        ";V3 GATO - NACIONAL;;"N         ";7433
7272;2026-07-18;"1         ";V8 - IMPORTADA;;"N         ";7443
3105;2026-07-24;"03        ";RAIVA GATO - NACIONAL;;"N         ";7436
7271;2026-07-25;"02        ";RAIVA CAO - IMPORTADA;;"N         ";7437
4124;2026-07-28;"02        ";RAIVA CAO - IMPORTADA;;"N         ";7440
7272;2026-07-28;"01        ";RAIVA CAO - IMPORTADA;;"N         ";7442
8273;2026-08-04;"01        ";V8 - IMPORTADA;;"N         ";8444
8274;2026-08-04;"01        ";V8 - IMPORTADA;;"N         ";8445
5183;2026-08-05;"01        ";RAIVA GATO - NACIONAL;AQUILA;"N         ";8446
5183;2026-08-05;"01        ";RAIVA GATO - NACIONAL;ANINHA;"N         ";8447
5193;2026-08-06;"01        ";V8 - IMPORTADA;;"N         ";8450
4169;2026-08-07;"02        ";RAIVA CAO - NACIONAL;;"N         ";8452
4124;2026-08-08;"02        ";V8 - IMPORTADA;;"N         ";8453
4124;2026-08-11;"02        ";V8 - IMPORTADA;;"N         ";8454
5184;2026-08-12;"01        ";V12 - NACIONAL;;"N         ";8455
5183;2026-08-12;"02        ";RAIVA GATO - NACIONAL;ANINHA E NANDO;"N         ";8458
5181;2026-08-12;"03        ";RAIVA GATO - NACIONAL;;"N         ";8459
5193;2026-08-13;"01        ";RAIVA CAO - IMPORTADA;;"N         ";8460
8281;2026-08-14;"01        ";V8 - IMPORTADA;;"N         ";8477
3099;2026-08-15;"01        ";RAIVA CAO - IMPORTADA;;"N         ";8461
5199;2026-08-18;"01        ";V12 - NACIONAL;;"N         ";8463
7269;2026-08-19;"01        ";V8 - IMPORTADA;;"N         ";8464
7273;2026-08-19;"01        ";V8 - IMPORTADA;;"N         ";8466
5188;2026-09-07;"01        ";V8 - IMPORTADA;;"N         ";9488
5188;2026-09-07;"          ";;;"N         ";9489
7269;2026-09-09;"01        ";RAIVA CAO - IMPORTADA;;"N         ";8475
8281;2026-09-09;"01        ";RAIVA CAO - IMPORTADA;;"N         ";8478
7273;2026-09-10;"01        ";RAIVA CAO - IMPORTADA;;"N         ";8476
8276;2026-09-10;"01        ";V8 - IMPORTADA;;"N         ";8482
4124;2026-09-15;"02        ";RAIVA CAO - IMPORTADA;LEVAR CARTEIRINHA;"N         ";9481
5199;2026-09-16;"01        ";RAIVA CAO - NACIONAL;;"N         ";9483
4163;2026-09-18;"02        ";V8 - IMPORTADA;;"N         ";8480
8276;2026-09-18;"01        ";RAIVA CAO - IMPORTADA;;"N         ";9485
5183;2026-09-19;"03        ";V12 - NACIONAL;;"N         ";9487
5180;2026-09-23;"01        ";V8 - IMPORTADA;;"N         ";10490
5180;2026-10-02;"01        ";RAIVA CAO - IMPORTADA;;"N         ";10494
3074;2026-10-06;"01        ";V12 - NACIONAL;;"N         ";10495
3073;2026-10-06;"01        ";V8 - IMPORTADA;01 DOENCA GATO;"N         ";10496
5183;2026-10-08;"03        ";RAIVA CAO - NACIONAL;;"N         ";10497
3079;2026-10-13;"02        ";V12 - NACIONAL;;"N         ";10499
3079;2026-10-14;"02        ";V12 - NACIONAL;;"N         ";10500
8278;2026-10-14;"02        ";V12 - NACIONAL;;"N         ";10502
8280;2026-10-14;"01        ";V8 - IMPORTADA;;"N         ";10504
5210;2026-10-16;"01        ";V12 - NACIONAL;;"N         ";10505
8278;2026-10-21;"3         ";RAIVA CAO - NACIONAL;;"N         ";10508
8280;2026-10-22;"01        ";RAIVA CAO - IMPORTADA;;"N         ";10509
8284;2026-10-22;"01        ";V8 - IMPORTADA;01 RONVAC GATO;"N         ";10510
3074;2026-10-22;"01        ";RAIVA CAO - NACIONAL;;"N         ";10511
5210;2026-10-23;"01        ";RAIVA CAO - NACIONAL;;"N         ";10512
8279;2026-10-23;"01        ";V8 - IMPORTADA;;"N         ";10514
8279;2026-10-23;"          ";;;"N         ";10515
8284;2026-10-27;"02        ";RAIVA GATO - IMPORTADA;;"N         ";10516
2018;2026-10-28;"02        ";V8 - IMPORTADA;;"N         ";10517
8285;2026-10-28;"02        ";V8 - IMPORTADA;;"N         ";10518
5209;2026-11-06;"01        ";RAIVA CAO - NACIONAL;;"N         ";10520
8279;2026-11-06;"01        ";RAIVA CAO - IMPORTADA;;"N         ";10522
3073;2026-11-11;"02        ";RAIVA CAO - IMPORTADA;01 E GATO;"N         ";10525
5211;2026-11-12;"01        ";RAIVA CAO - NACIONAL;;"N         ";10531
6249;2026-11-14;"01        ";V8 - IMPORTADA;;"N         ";10534
8289;2026-11-14;"02        ";V8 - IMPORTADA;;"N         ";10537
6255;2026-11-19;"02        ";RAIVA CAO - NACIONAL;01 E GATO;"N         ";10538
3067;2026-11-19;"01        ";RAIVA CAO - NACIONAL;;"N         ";10539
5202;2026-11-19;"01        ";RAIVA CAO - IMPORTADA;;"N         ";10540
4168;2026-11-19;"01        ";V12 - NACIONAL;;"N         ";10542
5211;2026-11-19;"01        ";V12 - NACIONAL;;"N         ";10543
3106;2026-11-24;"          ";RAIVA CAO - IMPORTADA;;"N         ";10546
6249;2026-12-03;"1         ";V8 - IMPORTADA;;"N         ";10548
8288;2026-12-05;"01        ";V8 - IMPORTADA;;"N         ";10550
5216;2026-12-11;"05        ";V8 - IMPORTADA;;"N         ";10553
6257;2026-12-15;"3         ";V12 - NACIONAL;;"N         ";10554
3102;2026-12-15;"1         ";V12 - NACIONAL;;"N         ";10555
3106;2026-12-17;"02        ";V8 - IMPORTADA;;"N         ";10556
8287;2026-12-22;"01        ";V8 - IMPORTADA;;"N         ";10557
5209;2026-12-22;"01        ";V12 - NACIONAL;;"N         ";10558
3087;2026-12-22;"01        ";V8 - IMPORTADA;;"N         ";10559
3102;2026-12-29;"01        ";RAIVA CAO - NACIONAL;;"N         ";10560
8295;2027-01-13;"1         ";V12 - NACIONAL;;"N         ";10568
8296;2027-01-13;"2         ";V3 GATO - NACIONAL;;"N         ";10569
4170;2027-01-20;"3         ";V12 - NACIONAL;REFORÇO ANUAL;"N         ";10570
8295;2027-01-20;"1         ";RAIVA CAO - NACIONAL;;"N         ";10571
8296;2027-01-20;"2         ";RAIVA GATO - NACIONAL;;"N         ";10572
4170;2027-01-20;"3         ";RAIVA CAO - NACIONAL;;"N         ";10573
